timeStamp,elapsed,label,responseCode,responseMessage,threadName,dataType,success,failureMessage,bytes,sentBytes,grpThreads,allThreads,URL,Latency,IdleTime,Connect
1695133300110,1117,HTTP Request,200,OK,ThreadFoodpanda 1-8,text,true,,61065,119,42,42,https://www.foodpanda.com/,1108,0,158
1695133300208,1286,HTTP Request,200,OK,ThreadFoodpanda 1-11,text,true,,61065,119,50,50,https://www.foodpanda.com/,1281,0,60
1695133300306,1508,HTTP Request,200,OK,ThreadFoodpanda 1-14,text,true,,61065,119,59,59,https://www.foodpanda.com/,1504,0,24
1695133300471,1769,HTTP Request,200,OK,ThreadFoodpanda 1-19,text,true,,61065,119,72,72,https://www.foodpanda.com/,1764,0,18
1695133300339,1908,HTTP Request,200,OK,ThreadFoodpanda 1-15,text,true,,61065,119,72,72,https://www.foodpanda.com/,1683,0,20
1695133299968,2459,HTTP Request,200,OK,ThreadFoodpanda 1-2,text,true,,61065,119,78,78,https://www.foodpanda.com/,2452,0,299
1695133300010,2915,HTTP Request,200,OK,ThreadFoodpanda 1-5,text,true,,61065,119,93,93,https://www.foodpanda.com/,2903,0,453
1695133301195,1884,HTTP Request,200,OK,ThreadFoodpanda 1-41,text,true,,61065,119,97,97,https://www.foodpanda.com/,1855,0,16
1695133300998,2264,HTTP Request,200,OK,ThreadFoodpanda 1-35,text,true,,61065,119,103,103,https://www.foodpanda.com/,2259,0,249
1695133300802,2650,HTTP Request,200,OK,ThreadFoodpanda 1-29,text,true,,61065,119,109,109,https://www.foodpanda.com/,1906,0,16
1695133300570,2980,HTTP Request,200,OK,ThreadFoodpanda 1-22,text,true,,61065,119,112,112,https://www.foodpanda.com/,2974,0,17
1695133301394,2350,HTTP Request,200,OK,ThreadFoodpanda 1-47,text,true,,61065,119,117,117,https://www.foodpanda.com/,2341,0,16
1695133300143,3778,HTTP Request,200,OK,ThreadFoodpanda 1-9,text,true,,61065,119,123,123,https://www.foodpanda.com/,3773,0,124
1695133301657,2467,HTTP Request,200,OK,ThreadFoodpanda 1-55,text,true,,61065,119,129,129,https://www.foodpanda.com/,2461,0,17
1695133301031,3309,HTTP Request,200,OK,ThreadFoodpanda 1-36,text,true,,61065,119,136,136,https://www.foodpanda.com/,3295,0,17
1695133300274,4261,HTTP Request,200,OK,ThreadFoodpanda 1-13,text,true,,61065,119,142,142,https://www.foodpanda.com/,4256,0,20
1695133302154,2530,HTTP Request,200,OK,ThreadFoodpanda 1-70,text,true,,61065,119,146,146,https://www.foodpanda.com/,2524,0,18
1695133301161,3774,HTTP Request,200,OK,ThreadFoodpanda 1-40,text,true,,61065,119,150,150,https://www.foodpanda.com/,3769,0,24
1695133302353,2765,HTTP Request,200,OK,ThreadFoodpanda 1-76,text,true,,61065,119,150,150,https://www.foodpanda.com/,2724,0,18
1695133301128,4224,HTTP Request,200,OK,ThreadFoodpanda 1-39,text,true,,61065,119,150,150,https://www.foodpanda.com/,4219,0,245
1695133301559,3925,HTTP Request,200,OK,ThreadFoodpanda 1-52,text,true,,61065,119,150,150,https://www.foodpanda.com/,3920,0,17
1695133303262,2442,HTTP Request,200,OK,ThreadFoodpanda 1-35,text,true,,61065,119,150,150,https://www.foodpanda.com/,2435,0,0
1695133302187,3810,HTTP Request,200,OK,ThreadFoodpanda 1-71,text,true,,61065,119,150,150,https://www.foodpanda.com/,3805,0,16
1695133301494,4698,HTTP Request,200,OK,ThreadFoodpanda 1-11,text,true,,61065,119,150,150,https://www.foodpanda.com/,4694,0,0
1695133303080,3285,HTTP Request,200,OK,ThreadFoodpanda 1-98,text,true,,61065,119,150,150,https://www.foodpanda.com/,3280,0,15
1695133301623,4938,HTTP Request,200,OK,ThreadFoodpanda 1-54,text,true,,61065,119,150,150,https://www.foodpanda.com/,4937,0,226
1695133303453,3249,HTTP Request,200,OK,ThreadFoodpanda 1-29,text,true,,61065,119,150,150,https://www.foodpanda.com/,3244,0,0
1695133300371,6527,HTTP Request,200,OK,ThreadFoodpanda 1-16,text,true,,61065,119,150,150,https://www.foodpanda.com/,6527,0,19
1695133302285,5048,HTTP Request,200,OK,ThreadFoodpanda 1-74,text,true,,61065,119,150,150,https://www.foodpanda.com/,5046,0,19
1695133303513,3972,HTTP Request,200,OK,ThreadFoodpanda 1-111,text,true,,61065,119,150,150,https://www.foodpanda.com/,3956,0,38
1695133299977,8272,HTTP Request,200,OK,ThreadFoodpanda 1-4,text,true,,61065,119,150,150,https://www.foodpanda.com/,8018,0,291
1695133302318,6095,HTTP Request,200,OK,ThreadFoodpanda 1-75,text,true,,61065,119,150,150,https://www.foodpanda.com/,5643,0,17
1695133304205,4355,HTTP Request,200,OK,ThreadFoodpanda 1-132,text,true,,61065,119,150,150,https://www.foodpanda.com/,4114,0,16
1695133303079,5619,HTTP Request,200,OK,ThreadFoodpanda 1-41,text,true,,61065,119,150,150,https://www.foodpanda.com/,5614,0,0
1695133304433,4490,HTTP Request,200,OK,ThreadFoodpanda 1-139,text,true,,61065,119,150,150,https://www.foodpanda.com/,4475,0,18
1695133304341,4810,HTTP Request,200,OK,ThreadFoodpanda 1-36,text,true,,61065,119,150,150,https://www.foodpanda.com/,4794,0,0
1695133300835,8344,HTTP Request,200,OK,ThreadFoodpanda 1-30,text,true,,61065,119,150,150,https://www.foodpanda.com/,8339,0,22
1695133302881,6463,HTTP Request,200,OK,ThreadFoodpanda 1-92,text,true,,61065,119,150,150,https://www.foodpanda.com/,6447,0,19
1695133304762,4767,HTTP Request,200,OK,ThreadFoodpanda 1-149,text,true,,61065,119,150,150,https://www.foodpanda.com/,4759,0,15
1695133303114,6866,HTTP Request,200,OK,ThreadFoodpanda 1-99,text,true,,61065,119,150,150,https://www.foodpanda.com/,6859,0,16
1695133303744,6531,HTTP Request,200,OK,ThreadFoodpanda 1-47,text,true,,61065,119,150,150,https://www.foodpanda.com/,6526,0,0
1695133302554,7898,HTTP Request,200,OK,ThreadFoodpanda 1-82,text,true,,61065,119,150,150,https://www.foodpanda.com/,7892,0,662
1695133302846,7616,HTTP Request,200,OK,ThreadFoodpanda 1-91,text,true,,61065,119,150,150,https://www.foodpanda.com/,7172,0,16
1695133302419,8167,HTTP Request,200,OK,ThreadFoodpanda 1-78,text,true,,61065,119,150,150,https://www.foodpanda.com/,8162,0,1068
1695133300670,10125,HTTP Request,200,OK,ThreadFoodpanda 1-25,text,true,,61065,119,150,150,https://www.foodpanda.com/,10120,0,16
1695133303680,7312,HTTP Request,200,OK,ThreadFoodpanda 1-116,text,true,,61065,119,150,150,https://www.foodpanda.com/,7307,0,18
1695133303875,7531,HTTP Request,200,OK,ThreadFoodpanda 1-122,text,true,,61065,119,150,150,https://www.foodpanda.com/,7525,0,15
1695133302253,9220,HTTP Request,200,OK,ThreadFoodpanda 1-73,text,true,,61065,119,150,150,https://www.foodpanda.com/,8950,0,16
1695133303809,7896,HTTP Request,200,OK,ThreadFoodpanda 1-120,text,true,,61065,119,150,150,https://www.foodpanda.com/,7883,0,16
1695133300767,11080,HTTP Request,200,OK,ThreadFoodpanda 1-28,text,true,,61065,119,150,150,https://www.foodpanda.com/,11066,0,17
1695133304074,8035,HTTP Request,200,OK,ThreadFoodpanda 1-128,text,true,,61065,119,150,150,https://www.foodpanda.com/,8030,0,16
1695133301524,10718,HTTP Request,200,OK,ThreadFoodpanda 1-51,text,true,,61065,119,150,150,https://www.foodpanda.com/,10713,0,17
1695133304466,7968,HTTP Request,200,OK,ThreadFoodpanda 1-140,text,true,,61065,119,150,150,https://www.foodpanda.com/,7963,0,15
1695133299968,12735,HTTP Request,200,OK,ThreadFoodpanda 1-1,text,true,,61065,119,150,150,https://www.foodpanda.com/,12729,0,302
1695133300258,12645,HTTP Request,200,OK,ThreadFoodpanda 1-12,text,true,,61065,119,150,150,https://www.foodpanda.com/,12640,0,26
1695133304664,8443,HTTP Request,200,OK,ThreadFoodpanda 1-146,text,true,,61065,119,150,150,https://www.foodpanda.com/,8438,0,14
1695133309180,4155,HTTP Request,200,OK,ThreadFoodpanda 1-30,text,true,,61065,119,150,150,https://www.foodpanda.com/,4151,0,0
1695133302916,10552,HTTP Request,200,OK,ThreadFoodpanda 1-93,text,true,,61065,119,150,150,https://www.foodpanda.com/,10547,0,260
1695133303282,10387,HTTP Request,200,OK,ThreadFoodpanda 1-104,text,true,,61071,119,150,150,https://www.foodpanda.com/,10377,0,16
1695133303348,10511,HTTP Request,200,OK,ThreadFoodpanda 1-106,text,true,,61065,119,150,150,https://www.foodpanda.com/,10506,0,17
1695133302451,11616,HTTP Request,200,OK,ThreadFoodpanda 1-79,text,true,,61065,119,150,150,https://www.foodpanda.com/,11614,0,1055
1695133301229,13031,HTTP Request,200,OK,ThreadFoodpanda 1-8,text,true,,61065,119,150,150,https://www.foodpanda.com/,13027,0,0
1695133310463,4111,HTTP Request,200,OK,ThreadFoodpanda 1-91,text,true,,61065,119,150,150,https://www.foodpanda.com/,4097,0,0
1695133310587,4108,HTTP Request,200,OK,ThreadFoodpanda 1-78,text,true,,61065,119,150,150,https://www.foodpanda.com/,4103,0,0
1695133310796,4103,HTTP Request,200,OK,ThreadFoodpanda 1-25,text,true,,61065,119,150,150,https://www.foodpanda.com/,4098,0,0
1695133310992,4096,HTTP Request,200,OK,ThreadFoodpanda 1-116,text,true,,61065,119,150,150,https://www.foodpanda.com/,4094,0,0
1695133307335,7972,HTTP Request,200,OK,ThreadFoodpanda 1-74,text,true,,61065,119,150,150,https://www.foodpanda.com/,7967,0,0
1695133311406,4097,HTTP Request,200,OK,ThreadFoodpanda 1-122,text,true,,61065,119,150,150,https://www.foodpanda.com/,4096,0,0
1695133302517,13252,HTTP Request,200,OK,ThreadFoodpanda 1-81,text,true,,61065,119,150,150,https://www.foodpanda.com/,13247,0,62
1695133303447,12450,HTTP Request,200,OK,ThreadFoodpanda 1-109,text,true,,61065,119,150,150,https://www.foodpanda.com/,12444,0,1034
1695133304535,11833,HTTP Request,200,OK,ThreadFoodpanda 1-13,text,true,,61065,119,150,150,https://www.foodpanda.com/,11828,0,0
1695133312703,4112,HTTP Request,200,OK,ThreadFoodpanda 1-1,text,true,,61065,119,150,150,https://www.foodpanda.com/,4097,0,0
1695133301096,15807,HTTP Request,200,OK,ThreadFoodpanda 1-38,text,true,,61065,119,150,150,https://www.foodpanda.com/,15802,0,43
1695133303248,13860,HTTP Request,200,OK,ThreadFoodpanda 1-103,text,true,,61065,119,150,150,https://www.foodpanda.com/,13852,0,16
1695133308924,8342,HTTP Request,200,OK,ThreadFoodpanda 1-139,text,true,,61065,119,150,150,https://www.foodpanda.com/,7683,0,0
1695133300604,16708,HTTP Request,200,OK,ThreadFoodpanda 1-23,text,true,,61065,119,150,150,https://www.foodpanda.com/,16701,0,17
1695133313468,4066,HTTP Request,200,OK,ThreadFoodpanda 1-93,text,true,,61065,119,150,150,https://www.foodpanda.com/,4061,0,0
1695133306366,11526,HTTP Request,200,OK,ThreadFoodpanda 1-98,text,true,,61065,119,150,150,https://www.foodpanda.com/,11516,0,0
1695133310452,7669,HTTP Request,200,OK,ThreadFoodpanda 1-82,text,true,,61065,119,150,150,https://www.foodpanda.com/,7664,0,0
1695133314067,4188,HTTP Request,200,OK,ThreadFoodpanda 1-79,text,true,,61065,119,150,150,https://www.foodpanda.com/,4183,0,0
1695133301228,17514,HTTP Request,200,OK,ThreadFoodpanda 1-42,text,true,,61065,119,150,150,https://www.foodpanda.com/,17497,0,17
1695133304172,15173,HTTP Request,200,OK,ThreadFoodpanda 1-131,text,true,,61065,119,150,150,https://www.foodpanda.com/,14950,0,15
1695133302652,16708,HTTP Request,200,OK,ThreadFoodpanda 1-85,text,true,,61065,119,150,150,https://www.foodpanda.com/,16701,0,16
1695133314574,5069,HTTP Request,200,OK,ThreadFoodpanda 1-91,text,true,,61065,119,150,150,https://www.foodpanda.com/,4418,0,0
1695133304336,15370,HTTP Request,200,OK,ThreadFoodpanda 1-136,text,true,,61065,119,150,150,https://www.foodpanda.com/,15364,0,15
1695133308562,11329,HTTP Request,200,OK,ThreadFoodpanda 1-132,text,true,,61065,119,150,150,https://www.foodpanda.com/,11325,0,0
1695133305120,14986,HTTP Request,200,OK,ThreadFoodpanda 1-76,text,true,,61065,119,150,150,https://www.foodpanda.com/,14978,0,0
1695133301723,18569,HTTP Request,200,OK,ThreadFoodpanda 1-57,text,true,,61065,119,150,150,https://www.foodpanda.com/,18564,0,26
1695133302949,17549,HTTP Request,200,OK,ThreadFoodpanda 1-94,text,true,,61065,119,150,150,https://www.foodpanda.com/,17548,0,16
1695133300932,19883,HTTP Request,200,OK,ThreadFoodpanda 1-33,text,true,,61065,119,150,150,https://www.foodpanda.com/,19852,0,15
1695133313107,7931,HTTP Request,200,OK,ThreadFoodpanda 1-146,text,true,,61065,119,150,150,https://www.foodpanda.com/,7927,0,0
1695133313334,7919,HTTP Request,200,OK,ThreadFoodpanda 1-30,text,true,,61065,119,150,150,https://www.foodpanda.com/,7908,0,0
1695133316903,4487,HTTP Request,200,OK,ThreadFoodpanda 1-38,text,true,,61065,119,150,150,https://www.foodpanda.com/,4470,0,0
1695133317108,4471,HTTP Request,200,OK,ThreadFoodpanda 1-103,text,true,,61065,119,150,150,https://www.foodpanda.com/,4466,0,0
1695133317266,4606,HTTP Request,200,OK,ThreadFoodpanda 1-139,text,true,,61065,119,150,150,https://www.foodpanda.com/,4602,0,0
1695133317534,4455,HTTP Request,200,OK,ThreadFoodpanda 1-93,text,true,,61065,119,150,150,https://www.foodpanda.com/,4451,0,0
1695133303712,18551,HTTP Request,200,OK,ThreadFoodpanda 1-117,text,true,,61065,119,150,150,https://www.foodpanda.com/,18546,0,22
1695133302240,20228,HTTP Request,200,OK,ThreadFoodpanda 1-19,text,true,,61065,119,150,150,https://www.foodpanda.com/,20223,0,0
1695133300702,21895,HTTP Request,200,OK,ThreadFoodpanda 1-26,text,true,,61065,119,150,150,https://www.foodpanda.com/,21889,0,22
1695133304105,18779,HTTP Request,200,OK,ThreadFoodpanda 1-129,text,true,,61065,119,150,150,https://www.foodpanda.com/,18771,0,20
1695133311705,11426,HTTP Request,200,OK,ThreadFoodpanda 1-120,text,true,,61065,119,150,150,https://www.foodpanda.com/,11407,0,0
1695133315306,7921,HTTP Request,200,OK,ThreadFoodpanda 1-74,text,true,,61065,119,150,150,https://www.foodpanda.com/,7916,0,0
1695133312109,11433,HTTP Request,200,OK,ThreadFoodpanda 1-128,text,true,,61065,119,150,150,https://www.foodpanda.com/,11429,0,0
1695133315770,7990,HTTP Request,200,OK,ThreadFoodpanda 1-81,text,true,,61065,119,150,150,https://www.foodpanda.com/,7985,0,0
1695133319706,4230,HTTP Request,200,OK,ThreadFoodpanda 1-136,text,true,,61065,119,150,150,https://www.foodpanda.com/,4226,0,0
1695133312904,11489,HTTP Request,200,OK,ThreadFoodpanda 1-12,text,true,,61065,119,150,150,https://www.foodpanda.com/,11484,0,0
1695133320294,4176,HTTP Request,200,OK,ThreadFoodpanda 1-57,text,true,,61065,119,150,150,https://www.foodpanda.com/,4172,0,0
1695133320499,4181,HTTP Request,200,OK,ThreadFoodpanda 1-94,text,true,,61065,119,150,150,https://www.foodpanda.com/,4174,0,0
1695133320816,4149,HTTP Request,200,OK,ThreadFoodpanda 1-33,text,true,,61065,119,150,150,https://www.foodpanda.com/,4145,0,0
1695133321040,4154,HTTP Request,200,OK,ThreadFoodpanda 1-146,text,true,,61065,119,150,150,https://www.foodpanda.com/,4146,0,0
1695133302120,23442,HTTP Request,200,OK,ThreadFoodpanda 1-69,text,true,,61065,119,150,150,https://www.foodpanda.com/,23437,0,15
1695133303841,21868,HTTP Request,200,OK,ThreadFoodpanda 1-121,text,true,,61065,119,150,150,https://www.foodpanda.com/,21863,0,15
1695133300176,25728,HTTP Request,200,OK,ThreadFoodpanda 1-10,text,true,,61065,119,150,150,https://www.foodpanda.com/,25723,0,301
1695133321991,4145,HTTP Request,200,OK,ThreadFoodpanda 1-93,text,true,,61065,119,150,150,https://www.foodpanda.com/,4140,0,0
1695133322264,4187,HTTP Request,200,OK,ThreadFoodpanda 1-117,text,true,,61065,119,150,150,https://www.foodpanda.com/,4187,0,0
1695133302386,24237,HTTP Request,200,OK,ThreadFoodpanda 1-77,text,true,,61065,119,150,150,https://www.foodpanda.com/,24232,0,16
1695133304269,22567,HTTP Request,200,OK,ThreadFoodpanda 1-134,text,true,,61065,119,150,150,https://www.foodpanda.com/,22562,0,16
1695133315504,11503,HTTP Request,200,OK,ThreadFoodpanda 1-122,text,true,,61065,119,150,150,https://www.foodpanda.com/,11494,0,0
1695133319360,7862,HTTP Request,200,OK,ThreadFoodpanda 1-85,text,true,,61065,119,150,150,https://www.foodpanda.com/,7846,0,0
1695133323132,4394,HTTP Request,200,OK,ThreadFoodpanda 1-120,text,true,,61065,119,150,150,https://www.foodpanda.com/,4389,0,0
1695133302681,24943,HTTP Request,200,OK,ThreadFoodpanda 1-86,text,true,,61065,119,150,150,https://www.foodpanda.com/,24938,0,260
1695133323543,4398,HTTP Request,200,OK,ThreadFoodpanda 1-128,text,true,,61065,119,150,150,https://www.foodpanda.com/,4393,0,0
1695133323761,4390,HTTP Request,200,OK,ThreadFoodpanda 1-81,text,true,,61065,119,150,150,https://www.foodpanda.com/,4385,0,0
1695133303014,25317,HTTP Request,200,OK,ThreadFoodpanda 1-96,text,true,,61065,119,150,150,https://www.foodpanda.com/,25307,0,243
1695133303921,24654,HTTP Request,200,OK,ThreadFoodpanda 1-9,text,true,,61065,119,150,150,https://www.foodpanda.com/,24646,0,0
1695133313669,15027,HTTP Request,200,OK,ThreadFoodpanda 1-104,text,true,,61065,119,150,150,https://www.foodpanda.com/,15022,0,0
1695133324680,4222,HTTP Request,200,OK,ThreadFoodpanda 1-94,text,true,,61065,119,150,150,https://www.foodpanda.com/,4216,0,0
1695133324964,4257,HTTP Request,200,OK,ThreadFoodpanda 1-33,text,true,,61065,119,150,150,https://www.foodpanda.com/,4239,0,0
1695133321580,7768,HTTP Request,200,OK,ThreadFoodpanda 1-103,text,true,,61065,119,150,150,https://www.foodpanda.com/,7761,0,0
1695133325562,4282,HTTP Request,200,OK,ThreadFoodpanda 1-69,text,true,,61065,119,150,150,https://www.foodpanda.com/,4278,0,0
1695133307486,22611,HTTP Request,200,OK,ThreadFoodpanda 1-111,text,true,,61065,119,150,150,https://www.foodpanda.com/,22580,0,0
1695133325904,4286,HTTP Request,200,OK,ThreadFoodpanda 1-10,text,true,,61065,119,150,150,https://www.foodpanda.com/,4282,0,0
1695133322598,7799,HTTP Request,200,OK,ThreadFoodpanda 1-26,text,true,,61065,119,150,150,https://www.foodpanda.com/,7795,0,0
1695133326450,4257,HTTP Request,200,OK,ThreadFoodpanda 1-117,text,true,,61065,119,150,150,https://www.foodpanda.com/,4253,0,0
1695133326623,4306,HTTP Request,200,OK,ThreadFoodpanda 1-77,text,true,,61065,119,150,150,https://www.foodpanda.com/,4299,0,0
1695133305354,25997,HTTP Request,200,OK,ThreadFoodpanda 1-39,text,true,,61065,119,150,150,https://www.foodpanda.com/,25992,0,0
1695133300867,30667,HTTP Request,200,OK,ThreadFoodpanda 1-31,text,true,,61065,119,150,150,https://www.foodpanda.com/,30662,0,17
1695133305705,25995,HTTP Request,200,OK,ThreadFoodpanda 1-35,text,true,,61065,119,150,150,https://www.foodpanda.com/,25986,0,0
1695133301923,29965,HTTP Request,200,OK,ThreadFoodpanda 1-63,text,true,,61065,119,150,150,https://www.foodpanda.com/,29960,0,17
1695133316815,15370,HTTP Request,200,OK,ThreadFoodpanda 1-1,text,true,,61065,119,150,150,https://www.foodpanda.com/,15366,0,0
1695133310275,22328,HTTP Request,200,OK,ThreadFoodpanda 1-47,text,true,,61065,119,150,150,https://www.foodpanda.com/,22319,0,0
1695133321254,11545,HTTP Request,200,OK,ThreadFoodpanda 1-30,text,true,,61065,119,150,150,https://www.foodpanda.com/,11540,0,0
1695133303744,29169,HTTP Request,200,OK,ThreadFoodpanda 1-118,text,true,,61065,119,150,150,https://www.foodpanda.com/,29164,0,16
1695133301361,31764,HTTP Request,200,OK,ThreadFoodpanda 1-46,text,true,,61065,119,150,150,https://www.foodpanda.com/,31759,0,16
1695133302925,30525,HTTP Request,200,OK,ThreadFoodpanda 1-5,text,true,,61065,119,150,150,https://www.foodpanda.com/,30521,0,0
1695133300638,32994,HTTP Request,200,OK,ThreadFoodpanda 1-24,text,true,,61065,119,150,150,https://www.foodpanda.com/,32990,0,16
1695133302586,31177,HTTP Request,200,OK,ThreadFoodpanda 1-83,text,true,,61065,119,150,150,https://www.foodpanda.com/,31172,0,17
1695133304238,29810,HTTP Request,200,OK,ThreadFoodpanda 1-133,text,true,,61065,119,150,150,https://www.foodpanda.com/,29804,0,15
1695133301491,32760,HTTP Request,200,OK,ThreadFoodpanda 1-50,text,true,,61065,119,150,150,https://www.foodpanda.com/,32755,0,17
1695133302783,31614,HTTP Request,200,OK,ThreadFoodpanda 1-89,text,true,,61065,119,150,150,https://www.foodpanda.com/,31610,0,17
1695133300536,34081,HTTP Request,200,OK,ThreadFoodpanda 1-21,text,true,,61065,119,150,150,https://www.foodpanda.com/,34066,0,17
1695133304797,30004,HTTP Request,200,OK,ThreadFoodpanda 1-150,text,true,,61065,119,150,150,https://www.foodpanda.com/,29999,0,25
1695133302817,32284,HTTP Request,200,OK,ThreadFoodpanda 1-90,text,true,,61065,119,150,150,https://www.foodpanda.com/,32272,0,22
1695133320108,15152,HTTP Request,200,OK,ThreadFoodpanda 1-76,text,true,,61065,119,150,150,https://www.foodpanda.com/,15144,0,0
1695133309530,25937,HTTP Request,200,OK,ThreadFoodpanda 1-149,text,true,,61065,119,150,150,https://www.foodpanda.com/,25932,0,0
1695133301956,34016,HTTP Request,200,OK,ThreadFoodpanda 1-64,text,true,,61065,119,150,150,https://www.foodpanda.com/,34012,0,17
1695133302087,34020,HTTP Request,200,OK,ThreadFoodpanda 1-68,text,true,,61065,119,150,150,https://www.foodpanda.com/,34000,0,18
1695133317312,19023,HTTP Request,200,OK,ThreadFoodpanda 1-23,text,true,,61065,119,150,150,https://www.foodpanda.com/,19018,0,0
1695133328575,8053,HTTP Request,200,OK,ThreadFoodpanda 1-9,text,true,,61065,119,150,150,https://www.foodpanda.com/,8048,0,0
1695133314261,22492,HTTP Request,200,OK,ThreadFoodpanda 1-8,text,true,,61065,119,150,150,https://www.foodpanda.com/,22487,0,0
1695133321874,15171,HTTP Request,200,OK,ThreadFoodpanda 1-139,text,true,,61065,119,150,150,https://www.foodpanda.com/,15166,0,0
1695133318255,18919,HTTP Request,200,OK,ThreadFoodpanda 1-79,text,true,,61065,119,150,150,https://www.foodpanda.com/,18914,0,0
1695133325710,11687,HTTP Request,200,OK,ThreadFoodpanda 1-121,text,true,,61065,119,150,150,https://www.foodpanda.com/,11675,0,0
1695133311847,25953,HTTP Request,200,OK,ThreadFoodpanda 1-28,text,true,,61065,119,150,150,https://www.foodpanda.com/,25949,0,0
1695133322886,15217,HTTP Request,200,OK,ThreadFoodpanda 1-129,text,true,,61065,119,150,150,https://www.foodpanda.com/,15213,0,0
1695133330192,8044,HTTP Request,200,OK,ThreadFoodpanda 1-10,text,true,,61065,119,150,150,https://www.foodpanda.com/,8039,0,0
1695133326837,11677,HTTP Request,200,OK,ThreadFoodpanda 1-134,text,true,,61065,119,150,150,https://www.foodpanda.com/,11672,0,0
1695133327008,11620,HTTP Request,200,OK,ThreadFoodpanda 1-122,text,true,,61065,119,150,150,https://www.foodpanda.com/,11612,0,0
1695133305485,33363,HTTP Request,200,OK,ThreadFoodpanda 1-52,text,true,,61065,119,150,150,https://www.foodpanda.com/,33344,0,0
1695133303179,35838,HTTP Request,200,OK,ThreadFoodpanda 1-101,text,true,,61065,119,150,150,https://www.foodpanda.com/,35829,0,14
1695133301889,37416,HTTP Request,200,OK,ThreadFoodpanda 1-62,text,true,,61065,119,150,150,https://www.foodpanda.com/,37411,0,17
1695133331536,8030,HTTP Request,200,OK,ThreadFoodpanda 1-31,text,true,,61065,119,150,150,https://www.foodpanda.com/,8015,0,0
1695133331700,7968,HTTP Request,200,OK,ThreadFoodpanda 1-35,text,true,,61065,119,150,150,https://www.foodpanda.com/,7963,0,0
1695133331890,8058,HTTP Request,200,OK,ThreadFoodpanda 1-63,text,true,,61065,119,150,150,https://www.foodpanda.com/,7994,0,0
1695133301991,38077,HTTP Request,200,OK,ThreadFoodpanda 1-65,text,true,,61065,119,150,150,https://www.foodpanda.com/,38073,0,250
1695133303611,36745,HTTP Request,200,OK,ThreadFoodpanda 1-114,text,true,,61065,119,150,150,https://www.foodpanda.com/,36740,0,15
1695133301328,39150,HTTP Request,200,OK,ThreadFoodpanda 1-45,text,true,,61065,119,150,150,https://www.foodpanda.com/,39145,0,16
1695133314695,26001,HTTP Request,200,OK,ThreadFoodpanda 1-78,text,true,,61065,119,150,150,https://www.foodpanda.com/,25997,0,0
1695133329222,11757,HTTP Request,200,OK,ThreadFoodpanda 1-33,text,true,,61065,119,150,150,https://www.foodpanda.com/,11752,0,0
1695133333126,7970,HTTP Request,200,OK,ThreadFoodpanda 1-46,text,true,,61065,119,150,150,https://www.foodpanda.com/,7965,0,0
1695133315089,26207,HTTP Request,200,OK,ThreadFoodpanda 1-116,text,true,,61065,119,150,150,https://www.foodpanda.com/,26202,0,0
1695133304935,36660,HTTP Request,200,OK,ThreadFoodpanda 1-40,text,true,,61065,119,150,150,https://www.foodpanda.com/,36655,0,0
1695133333764,7961,HTTP Request,200,OK,ThreadFoodpanda 1-83,text,true,,61065,119,150,150,https://www.foodpanda.com/,7943,0,0
1695133334049,7928,HTTP Request,200,OK,ThreadFoodpanda 1-133,text,true,,61065,119,150,150,https://www.foodpanda.com/,7923,0,0
1695133334252,7928,HTTP Request,200,OK,ThreadFoodpanda 1-50,text,true,,61065,119,150,150,https://www.foodpanda.com/,7924,0,0
1695133334398,7921,HTTP Request,200,OK,ThreadFoodpanda 1-89,text,true,,61065,119,150,150,https://www.foodpanda.com/,7917,0,0
1695133309345,33173,HTTP Request,200,OK,ThreadFoodpanda 1-92,text,true,,61065,119,150,150,https://www.foodpanda.com/,33162,0,0
1695133301591,41165,HTTP Request,200,OK,ThreadFoodpanda 1-53,text,true,,61065,119,150,150,https://www.foodpanda.com/,41162,0,237
1695133335101,7853,HTTP Request,200,OK,ThreadFoodpanda 1-90,text,true,,61065,119,150,150,https://www.foodpanda.com/,7849,0,0
1695133327940,15234,HTTP Request,200,OK,ThreadFoodpanda 1-128,text,true,,61065,119,150,150,https://www.foodpanda.com/,15219,0,0
1695133328150,15217,HTTP Request,200,OK,ThreadFoodpanda 1-81,text,true,,61065,119,150,150,https://www.foodpanda.com/,15213,0,0
1695133304124,39441,HTTP Request,200,OK,ThreadFoodpanda 1-55,text,true,,61065,119,150,150,https://www.foodpanda.com/,39435,0,0
1695133301260,42396,HTTP Request,200,OK,ThreadFoodpanda 1-43,text,true,,61065,119,150,150,https://www.foodpanda.com/,42387,0,16
1695133336107,7780,HTTP Request,200,OK,ThreadFoodpanda 1-68,text,true,,61065,119,150,150,https://www.foodpanda.com/,7765,0,0
1695133336335,7758,HTTP Request,200,OK,ThreadFoodpanda 1-23,text,true,,61065,119,150,150,https://www.foodpanda.com/,7753,0,0
1695133304006,40336,HTTP Request,200,OK,ThreadFoodpanda 1-126,text,true,,61065,119,150,150,https://www.foodpanda.com/,40331,0,17
1695133329347,15142,HTTP Request,200,OK,ThreadFoodpanda 1-103,text,true,,61065,119,150,150,https://www.foodpanda.com/,15137,0,0
1695133304134,40615,HTTP Request,200,OK,ThreadFoodpanda 1-130,text,true,,61065,119,150,150,https://www.foodpanda.com/,40610,0,15
1695133337174,7726,HTTP Request,200,OK,ThreadFoodpanda 1-79,text,true,,61065,119,150,150,https://www.foodpanda.com/,7719,0,0
1695133337397,7721,HTTP Request,200,OK,ThreadFoodpanda 1-121,text,true,,61065,119,150,150,https://www.foodpanda.com/,7706,0,0
1695133312243,33071,HTTP Request,200,OK,ThreadFoodpanda 1-51,text,true,,61065,119,150,150,https://www.foodpanda.com/,33070,0,0
1695133330397,15098,HTTP Request,200,OK,ThreadFoodpanda 1-26,text,true,,61065,119,150,150,https://www.foodpanda.com/,15093,0,0
1695133309152,36569,HTTP Request,200,OK,ThreadFoodpanda 1-36,text,true,,61065,119,150,150,https://www.foodpanda.com/,36564,0,0
1695133327525,18681,HTTP Request,200,OK,ThreadFoodpanda 1-120,text,true,,61065,119,150,150,https://www.foodpanda.com/,18677,0,0
1695133338847,7697,HTTP Request,200,OK,ThreadFoodpanda 1-52,text,true,,61065,119,150,150,https://www.foodpanda.com/,7692,0,0
1695133339017,7725,HTTP Request,200,OK,ThreadFoodpanda 1-101,text,true,,61065,119,150,150,https://www.foodpanda.com/,7718,0,0
1695133306562,40456,HTTP Request,200,OK,ThreadFoodpanda 1-54,text,true,,61065,119,150,150,https://www.foodpanda.com/,40452,0,0
1695133302056,45142,HTTP Request,200,OK,ThreadFoodpanda 1-67,text,true,,61065,119,150,150,https://www.foodpanda.com/,45137,0,15
1695133328696,18651,HTTP Request,200,OK,ThreadFoodpanda 1-104,text,true,,61065,119,150,150,https://www.foodpanda.com/,18646,0,0
1695133332604,15057,HTTP Request,200,OK,ThreadFoodpanda 1-47,text,true,,61065,119,150,150,https://www.foodpanda.com/,15052,0,0
1695133302982,44754,HTTP Request,200,OK,ThreadFoodpanda 1-95,text,true,,61065,119,150,150,https://www.foodpanda.com/,44749,0,1038
1695133340356,7746,HTTP Request,200,OK,ThreadFoodpanda 1-114,text,true,,61065,119,150,150,https://www.foodpanda.com/,7742,0,0
1695133311473,36754,HTTP Request,200,OK,ThreadFoodpanda 1-73,text,true,,61065,119,150,150,https://www.foodpanda.com/,36750,0,0
1695133340697,7731,HTTP Request,200,OK,ThreadFoodpanda 1-78,text,true,,61065,119,150,150,https://www.foodpanda.com/,7725,0,0
1695133341095,7736,HTTP Request,200,OK,ThreadFoodpanda 1-46,text,true,,61065,119,150,150,https://www.foodpanda.com/,7731,0,0
1695133333633,15313,HTTP Request,200,OK,ThreadFoodpanda 1-24,text,true,,61065,119,150,150,https://www.foodpanda.com/,15081,0,0
1695133300405,48683,HTTP Request,200,OK,ThreadFoodpanda 1-17,text,true,,61065,119,150,150,https://www.foodpanda.com/,48678,0,28
1695133315897,33348,HTTP Request,200,OK,ThreadFoodpanda 1-109,text,true,,61065,119,150,150,https://www.foodpanda.com/,33339,0,0
1695133338102,11423,HTTP Request,200,OK,ThreadFoodpanda 1-129,text,true,,61065,119,150,150,https://www.foodpanda.com/,11418,0,0
1695133338235,11422,HTTP Request,200,OK,ThreadFoodpanda 1-10,text,true,,61065,119,150,150,https://www.foodpanda.com/,11408,0,0
1695133302428,47631,HTTP Request,200,OK,ThreadFoodpanda 1-2,text,true,,61065,119,150,150,https://www.foodpanda.com/,47624,0,0
1695133303381,46806,HTTP Request,200,OK,ThreadFoodpanda 1-107,text,true,,61065,119,150,150,https://www.foodpanda.com/,46800,0,37
1695133324471,25940,HTTP Request,200,OK,ThreadFoodpanda 1-57,text,true,,61065,119,150,150,https://www.foodpanda.com/,25935,0,0
1695133328331,22377,HTTP Request,200,OK,ThreadFoodpanda 1-96,text,true,,61065,119,150,150,https://www.foodpanda.com/,22375,0,0
1695133302220,48584,HTTP Request,200,OK,ThreadFoodpanda 1-72,text,true,,61065,119,150,150,https://www.foodpanda.com/,48578,0,21
1695133306899,44122,HTTP Request,200,OK,ThreadFoodpanda 1-16,text,true,,61065,119,150,150,https://www.foodpanda.com/,44117,0,0
1695133303910,47363,HTTP Request,200,OK,ThreadFoodpanda 1-123,text,true,,61065,119,150,150,https://www.foodpanda.com/,47298,0,17
1695133302484,48927,HTTP Request,200,OK,ThreadFoodpanda 1-80,text,true,,61065,119,150,150,https://www.foodpanda.com/,48922,0,16
1695133304039,47649,HTTP Request,200,OK,ThreadFoodpanda 1-127,text,true,,61065,119,150,150,https://www.foodpanda.com/,47644,0,16
1695133318743,33395,HTTP Request,200,OK,ThreadFoodpanda 1-42,text,true,,61065,119,150,150,https://www.foodpanda.com/,33390,0,0
1695133308414,43939,HTTP Request,200,OK,ThreadFoodpanda 1-75,text,true,,61065,119,150,150,https://www.foodpanda.com/,43934,0,0
1695133304532,47915,HTTP Request,200,OK,ThreadFoodpanda 1-142,text,true,,61065,119,150,150,https://www.foodpanda.com/,47909,0,16
1695133348430,4254,HTTP Request,200,OK,ThreadFoodpanda 1-78,text,true,,61065,119,150,150,https://www.foodpanda.com/,4247,0,0
1695133323228,29705,HTTP Request,200,OK,ThreadFoodpanda 1-74,text,true,,61065,119,149,149,https://www.foodpanda.com/,29697,0,0
1695133341595,11578,HTTP Request,200,OK,ThreadFoodpanda 1-40,text,true,,61065,119,149,149,https://www.foodpanda.com/,11573,0,0
1695133349089,4291,HTTP Request,200,OK,ThreadFoodpanda 1-17,text,true,,61065,119,149,149,https://www.foodpanda.com/,4286,0,0
1695133349246,4261,HTTP Request,200,OK,ThreadFoodpanda 1-109,text,true,,61065,119,149,149,https://www.foodpanda.com/,4256,0,0
1695133345721,7988,HTTP Request,200,OK,ThreadFoodpanda 1-36,text,true,,61065,119,149,149,https://www.foodpanda.com/,7982,0,0
1695133349658,4255,HTTP Request,200,OK,ThreadFoodpanda 1-10,text,true,,61065,119,149,149,https://www.foodpanda.com/,4251,0,0
1695133335260,18876,HTTP Request,200,OK,ThreadFoodpanda 1-76,text,true,,61065,119,148,148,https://www.foodpanda.com/,18865,0,0
1695133313859,40460,HTTP Request,200,OK,ThreadFoodpanda 1-106,text,true,,61065,119,148,148,https://www.foodpanda.com/,40447,0,0
1695133306703,47832,HTTP Request,200,OK,ThreadFoodpanda 1-29,text,true,,61065,119,148,148,https://www.foodpanda.com/,47816,0,0
1695133350410,4338,HTTP Request,200,OK,ThreadFoodpanda 1-57,text,true,,61065,119,148,148,https://www.foodpanda.com/,4333,0,0
1695133318121,36933,HTTP Request,200,OK,ThreadFoodpanda 1-82,text,true,,61065,119,148,148,https://www.foodpanda.com/,36912,0,0
1695133350805,4352,HTTP Request,200,OK,ThreadFoodpanda 1-72,text,true,,61065,119,148,148,https://www.foodpanda.com/,4347,0,0
1695133336753,18603,HTTP Request,200,OK,ThreadFoodpanda 1-8,text,true,,61065,119,148,148,https://www.foodpanda.com/,18598,0,0
1695133351273,4297,HTTP Request,200,OK,ThreadFoodpanda 1-123,text,true,,61065,119,148,148,https://www.foodpanda.com/,4292,0,0
1695133351411,4354,HTTP Request,200,OK,ThreadFoodpanda 1-80,text,true,,61065,119,148,148,https://www.foodpanda.com/,4349,0,0
1695133351688,4368,HTTP Request,200,OK,ThreadFoodpanda 1-127,text,true,,61065,119,148,148,https://www.foodpanda.com/,4363,0,0
1695133341296,15110,HTTP Request,200,OK,ThreadFoodpanda 1-116,text,true,,61065,119,148,148,https://www.foodpanda.com/,15072,0,0
1695133312435,44159,HTTP Request,200,OK,ThreadFoodpanda 1-140,text,true,,61065,119,148,148,https://www.foodpanda.com/,44154,0,0
1695133341724,15107,HTTP Request,200,OK,ThreadFoodpanda 1-83,text,true,,61065,119,148,148,https://www.foodpanda.com/,15076,0,0
1695133334618,22386,HTTP Request,200,OK,ThreadFoodpanda 1-21,text,true,,61065,119,148,148,https://www.foodpanda.com/,22381,0,0
1695133323938,33356,HTTP Request,200,OK,ThreadFoodpanda 1-136,text,true,,61065,119,148,148,https://www.foodpanda.com/,33352,0,0
1695133338628,18874,HTTP Request,200,OK,ThreadFoodpanda 1-122,text,true,,61065,119,148,148,https://www.foodpanda.com/,18862,0,0
1695133302618,55335,HTTP Request,200,OK,ThreadFoodpanda 1-84,text,true,,61065,119,147,147,https://www.foodpanda.com/,55325,0,686
1695133346208,12223,HTTP Request,200,OK,ThreadFoodpanda 1-120,text,true,,61065,119,147,147,https://www.foodpanda.com/,12141,0,0
1695133350060,8407,HTTP Request,200,OK,ThreadFoodpanda 1-2,text,true,,61065,119,146,146,https://www.foodpanda.com/,8395,0,0
1695133350187,8465,HTTP Request,200,OK,ThreadFoodpanda 1-107,text,true,,61065,119,146,146,https://www.foodpanda.com/,8458,0,0
1695133343657,15855,HTTP Request,200,OK,ThreadFoodpanda 1-43,text,true,,61065,119,146,146,https://www.foodpanda.com/,15632,0,0
1695133354748,4769,HTTP Request,200,OK,ThreadFoodpanda 1-57,text,true,,61065,119,146,146,https://www.foodpanda.com/,4769,0,0
1695133300734,59054,HTTP Request,200,OK,ThreadFoodpanda 1-27,text,true,,61065,119,145,145,https://www.foodpanda.com/,59022,0,17
1695133350708,9169,HTTP Request,200,OK,ThreadFoodpanda 1-96,text,true,,61065,119,145,145,https://www.foodpanda.com/,9110,0,0
1695133355158,4809,HTTP Request,200,OK,ThreadFoodpanda 1-72,text,true,,61065,119,145,145,https://www.foodpanda.com/,4763,0,0
1695133344489,15674,HTTP Request,200,OK,ThreadFoodpanda 1-103,text,true,,61065,119,145,145,https://www.foodpanda.com/,15666,0,0
1695133355570,5011,HTTP Request,200,OK,ThreadFoodpanda 1-123,text,true,,61065,119,144,144,https://www.foodpanda.com/,4772,0,0
1695133355765,4866,HTTP Request,200,OK,ThreadFoodpanda 1-80,text,true,,61065,119,144,144,https://www.foodpanda.com/,4863,0,0
1695133352352,8505,HTTP Request,200,OK,ThreadFoodpanda 1-75,text,true,,61065,119,144,144,https://www.foodpanda.com/,8495,0,0
1695133348946,12302,HTTP Request,200,OK,ThreadFoodpanda 1-24,text,true,,61065,119,144,144,https://www.foodpanda.com/,12297,0,0
1695133348832,12416,HTTP Request,200,OK,ThreadFoodpanda 1-46,text,true,,61065,119,144,144,https://www.foodpanda.com/,12366,0,0
1695133334803,26561,HTTP Request,200,OK,ThreadFoodpanda 1-150,text,true,,61065,119,144,144,https://www.foodpanda.com/,26556,0,0
1695133349526,12125,HTTP Request,200,OK,ThreadFoodpanda 1-129,text,true,,61065,119,144,144,https://www.foodpanda.com/,12117,0,0
1695133305999,55860,HTTP Request,200,OK,ThreadFoodpanda 1-71,text,true,,61065,119,144,144,https://www.foodpanda.com/,55855,0,0
1695133353507,8476,HTTP Request,200,OK,ThreadFoodpanda 1-109,text,true,,61065,119,144,144,https://www.foodpanda.com/,8469,0,0
1695133353708,8476,HTTP Request,200,OK,ThreadFoodpanda 1-36,text,true,,61065,119,144,144,https://www.foodpanda.com/,8472,0,0
1695133357953,4436,HTTP Request,200,OK,ThreadFoodpanda 1-84,text,true,,61065,119,143,143,https://www.foodpanda.com/,4430,0,0
1695133343174,19495,HTTP Request,200,OK,ThreadFoodpanda 1-128,text,true,,61065,119,143,143,https://www.foodpanda.com/,19491,0,0
1695133303944,58903,HTTP Request,200,OK,ThreadFoodpanda 1-124,text,true,,61065,119,142,142,https://www.foodpanda.com/,58884,0,16
1695133358652,4347,HTTP Request,200,OK,ThreadFoodpanda 1-107,text,true,,61065,119,142,142,https://www.foodpanda.com/,4335,0,0
1695133351020,12395,HTTP Request,200,OK,ThreadFoodpanda 1-16,text,true,,61065,119,142,142,https://www.foodpanda.com/,12173,0,0
1695133322469,41026,HTTP Request,200,OK,ThreadFoodpanda 1-19,text,true,,61065,119,142,142,https://www.foodpanda.com/,41013,0,0
1695133326135,37446,HTTP Request,200,OK,ThreadFoodpanda 1-93,text,true,,61065,119,142,142,https://www.foodpanda.com/,37439,0,0
1695133302023,61839,HTTP Request,200,OK,ThreadFoodpanda 1-66,text,true,,61065,119,141,141,https://www.foodpanda.com/,61834,0,17
1695133304630,59986,HTTP Request,200,OK,ThreadFoodpanda 1-145,text,true,,61065,119,141,141,https://www.foodpanda.com/,59560,0,15
1695133330930,34071,HTTP Request,200,OK,ThreadFoodpanda 1-77,text,true,,61065,119,141,141,https://www.foodpanda.com/,34067,0,0
1695133303152,61984,HTTP Request,200,OK,ThreadFoodpanda 1-100,text,true,,61065,119,141,141,https://www.foodpanda.com/,61979,0,15
1695133300505,64820,HTTP Request,200,OK,ThreadFoodpanda 1-20,text,true,,61065,119,141,141,https://www.foodpanda.com/,64806,0,17
1695133353173,12388,HTTP Request,200,OK,ThreadFoodpanda 1-40,text,true,,61065,119,141,141,https://www.foodpanda.com/,12384,0,0
1695133300438,65517,HTTP Request,200,OK,ThreadFoodpanda 1-18,text,true,,61065,119,141,141,https://www.foodpanda.com/,65448,0,16
1695133357294,8674,HTTP Request,200,OK,ThreadFoodpanda 1-136,text,true,,61065,119,141,141,https://www.foodpanda.com/,8665,0,0
1695133339565,26837,HTTP Request,200,OK,ThreadFoodpanda 1-31,text,true,,61065,119,141,141,https://www.foodpanda.com/,26824,0,0
1695133301294,65212,HTTP Request,200,OK,ThreadFoodpanda 1-44,text,true,,61065,119,141,141,https://www.foodpanda.com/,65199,0,16
1695133340069,26651,HTTP Request,200,OK,ThreadFoodpanda 1-65,text,true,,61065,119,141,141,https://www.foodpanda.com/,26646,0,0
1695133332187,34631,HTTP Request,200,OK,ThreadFoodpanda 1-1,text,true,,61065,119,141,141,https://www.foodpanda.com/,34631,0,0
1695133302717,64406,HTTP Request,200,OK,ThreadFoodpanda 1-87,text,true,,61065,119,141,141,https://www.foodpanda.com/,64330,0,241
1695133314900,52231,HTTP Request,200,OK,ThreadFoodpanda 1-25,text,true,,61065,119,141,141,https://www.foodpanda.com/,52227,0,0
1695133348104,19743,HTTP Request,200,OK,ThreadFoodpanda 1-114,text,true,,61065,119,141,141,https://www.foodpanda.com/,19739,0,0
1695133304597,63383,HTTP Request,200,OK,ThreadFoodpanda 1-144,text,true,,61065,119,141,141,https://www.foodpanda.com/,63374,0,16
1695133308250,59751,HTTP Request,200,OK,ThreadFoodpanda 1-4,text,true,,61065,119,141,141,https://www.foodpanda.com/,59309,0,0
1695133345119,23234,HTTP Request,200,OK,ThreadFoodpanda 1-121,text,true,,61065,119,141,141,https://www.foodpanda.com/,23229,0,0
1695133333452,35483,HTTP Request,200,OK,ThreadFoodpanda 1-5,text,true,,61065,119,141,141,https://www.foodpanda.com/,33947,0,0
1695133309981,59197,HTTP Request,200,OK,ThreadFoodpanda 1-99,text,true,,61065,119,141,141,https://www.foodpanda.com/,59182,0,0
1695133301757,67481,HTTP Request,200,OK,ThreadFoodpanda 1-58,text,true,,61065,119,141,141,https://www.foodpanda.com/,67235,0,17
1695133299968,69480,HTTP Request,200,OK,ThreadFoodpanda 1-3,text,true,,61065,119,141,141,https://www.foodpanda.com/,69471,0,309
1695133303479,66075,HTTP Request,200,OK,ThreadFoodpanda 1-110,text,true,,61065,119,141,141,https://www.foodpanda.com/,66070,0,34
1695133361651,8222,HTTP Request,200,OK,ThreadFoodpanda 1-129,text,true,,61065,119,141,141,https://www.foodpanda.com/,8217,0,0
1695133354136,15860,HTTP Request,200,OK,ThreadFoodpanda 1-76,text,true,,61065,119,140,140,https://www.foodpanda.com/,15849,0,0
1695133325193,45121,HTTP Request,200,OK,ThreadFoodpanda 1-146,text,true,,61065,119,139,139,https://www.foodpanda.com/,45099,0,0
1695133354534,15888,HTTP Request,200,OK,ThreadFoodpanda 1-29,text,true,,61065,119,139,139,https://www.foodpanda.com/,15880,0,0
1695133336628,34066,HTTP Request,200,OK,ThreadFoodpanda 1-9,text,true,,61065,119,139,139,https://www.foodpanda.com/,34061,0,0
1695133304303,66819,HTTP Request,200,OK,ThreadFoodpanda 1-135,text,true,,61065,119,139,139,https://www.foodpanda.com/,66782,0,15
1695133304567,66883,HTTP Request,200,OK,ThreadFoodpanda 1-143,text,true,,61065,119,139,139,https://www.foodpanda.com/,66853,0,16
1695133301458,70004,HTTP Request,200,OK,ThreadFoodpanda 1-49,text,true,,61065,119,139,139,https://www.foodpanda.com/,69353,0,18
1695133301425,70115,HTTP Request,200,OK,ThreadFoodpanda 1-48,text,true,,61065,119,139,139,https://www.foodpanda.com/,69862,0,15
1695133327222,45064,HTTP Request,200,OK,ThreadFoodpanda 1-85,text,true,,61065,119,139,139,https://www.foodpanda.com/,45059,0,0
1695133342319,30362,HTTP Request,200,OK,ThreadFoodpanda 1-89,text,true,,61065,119,139,139,https://www.foodpanda.com/,30357,0,0
1695133301854,70899,HTTP Request,200,OK,ThreadFoodpanda 1-61,text,true,,61065,119,139,139,https://www.foodpanda.com/,70199,0,16
1695133357003,15886,HTTP Request,200,OK,ThreadFoodpanda 1-21,text,true,,61065,119,139,139,https://www.foodpanda.com/,15882,0,0
1695133303417,69718,HTTP Request,200,OK,ThreadFoodpanda 1-108,text,true,,61065,119,139,139,https://www.foodpanda.com/,69711,0,17
1695133352138,21129,HTTP Request,200,OK,ThreadFoodpanda 1-42,text,true,,61065,119,139,139,https://www.foodpanda.com/,19599,0,0
1695133369238,4335,HTTP Request,200,OK,ThreadFoodpanda 1-58,text,true,,61065,119,139,139,https://www.foodpanda.com/,4329,0,45
1695133365955,7857,HTTP Request,200,OK,ThreadFoodpanda 1-18,text,true,,61065,119,139,139,https://www.foodpanda.com/,7837,0,17
1695133321392,52551,HTTP Request,200,OK,ThreadFoodpanda 1-38,text,true,,61065,119,139,139,https://www.foodpanda.com/,51898,0,0
1695133362390,12029,HTTP Request,200,OK,ThreadFoodpanda 1-84,text,true,,61065,119,139,139,https://www.foodpanda.com/,11801,0,0
1695133301790,72813,HTTP Request,200,OK,ThreadFoodpanda 1-59,text,true,,61065,119,139,139,https://www.foodpanda.com/,66311,0,16
1695133359512,15427,HTTP Request,200,OK,ThreadFoodpanda 1-43,text,true,,61065,119,139,139,https://www.foodpanda.com/,15422,0,0
1695133343888,31084,HTTP Request,200,OK,ThreadFoodpanda 1-68,text,true,,61065,119,139,139,https://www.foodpanda.com/,30429,0,0
1695133337044,38216,HTTP Request,200,OK,ThreadFoodpanda 1-139,text,true,,61065,119,139,139,https://www.foodpanda.com/,37565,0,0
1695133344900,30436,HTTP Request,200,OK,ThreadFoodpanda 1-79,text,true,,61065,119,138,138,https://www.foodpanda.com/,30432,0,0
1695133304730,70873,HTTP Request,200,OK,ThreadFoodpanda 1-148,text,true,,61065,119,137,137,https://www.foodpanda.com/,70863,0,15
1695133360633,15326,HTTP Request,200,OK,ThreadFoodpanda 1-80,text,true,,61065,119,137,137,https://www.foodpanda.com/,15321,0,0
1695133345316,30660,HTTP Request,200,OK,ThreadFoodpanda 1-51,text,true,,61065,119,137,137,https://www.foodpanda.com/,30438,0,0
1695133365136,11464,HTTP Request,200,OK,ThreadFoodpanda 1-100,text,true,,61065,119,137,137,https://www.foodpanda.com/,11448,0,22
1695133303546,73318,HTTP Request,200,OK,ThreadFoodpanda 1-112,text,true,,61065,119,137,137,https://www.foodpanda.com/,73311,0,15
1695133303776,73471,HTTP Request,200,OK,ThreadFoodpanda 1-119,text,true,,61065,119,137,137,https://www.foodpanda.com/,73210,0,17
1695133317891,59401,HTTP Request,200,OK,ThreadFoodpanda 1-98,text,true,,61065,119,137,137,https://www.foodpanda.com/,59392,0,0
1695133369555,8171,HTTP Request,200,OK,ThreadFoodpanda 1-110,text,true,,61065,119,137,137,https://www.foodpanda.com/,7935,0,13
1695133300965,76802,HTTP Request,200,OK,ThreadFoodpanda 1-34,text,true,,61065,119,137,137,https://www.foodpanda.com/,76797,0,242
1695133300077,77800,HTTP Request,200,OK,ThreadFoodpanda 1-7,text,true,,61065,119,137,137,https://www.foodpanda.com/,76276,0,387
1695133355054,23190,HTTP Request,200,OK,ThreadFoodpanda 1-82,text,true,,61065,119,137,137,https://www.foodpanda.com/,23185,0,0
1695133366506,11763,HTTP Request,200,OK,ThreadFoodpanda 1-44,text,true,,61065,119,137,137,https://www.foodpanda.com/,11507,0,13
1695133355356,23100,HTTP Request,200,OK,ThreadFoodpanda 1-8,text,true,,61065,119,137,137,https://www.foodpanda.com/,23079,0,0
1695133319345,59382,HTTP Request,200,OK,ThreadFoodpanda 1-131,text,true,,61065,119,136,136,https://www.foodpanda.com/,59374,0,0
1695133330097,48836,HTTP Request,200,OK,ThreadFoodpanda 1-111,text,true,,61065,119,136,136,https://www.foodpanda.com/,48829,0,0
1695133337800,41487,HTTP Request,200,OK,ThreadFoodpanda 1-28,text,true,,61065,119,136,136,https://www.foodpanda.com/,41250,0,0
1695133360582,19293,HTTP Request,200,OK,ThreadFoodpanda 1-123,text,true,,61065,119,136,136,https://www.foodpanda.com/,19288,0,0
1695133342179,38631,HTTP Request,200,OK,ThreadFoodpanda 1-50,text,true,,61065,119,136,136,https://www.foodpanda.com/,38626,0,0
1695133368000,12940,HTTP Request,200,OK,ThreadFoodpanda 1-4,text,true,,61065,119,136,136,https://www.foodpanda.com/,12935,0,441
1695133365000,16230,HTTP Request,200,OK,ThreadFoodpanda 1-77,text,true,,61065,119,136,136,https://www.foodpanda.com/,16225,0,16
1695133346743,35050,HTTP Request,200,OK,ThreadFoodpanda 1-101,text,true,,61065,119,136,136,https://www.foodpanda.com/,35036,0,0
1695133373136,8978,HTTP Request,200,OK,ThreadFoodpanda 1-108,text,true,,61065,119,136,136,https://www.foodpanda.com/,8957,0,12
1695133304499,77817,HTTP Request,200,OK,ThreadFoodpanda 1-141,text,true,,61065,119,136,136,https://www.foodpanda.com/,77802,0,15
1695133343565,38938,HTTP Request,200,OK,ThreadFoodpanda 1-55,text,true,,61065,119,136,136,https://www.foodpanda.com/,38930,0,0
1695133372682,10409,HTTP Request,200,OK,ThreadFoodpanda 1-89,text,true,,61065,119,136,136,https://www.foodpanda.com/,9519,0,16
1695133347737,35359,HTTP Request,200,OK,ThreadFoodpanda 1-95,text,true,,61065,119,136,136,https://www.foodpanda.com/,35112,0,0
1695133363001,20148,HTTP Request,200,OK,ThreadFoodpanda 1-107,text,true,,61065,119,136,136,https://www.foodpanda.com/,20143,0,0
1695133340478,42812,HTTP Request,200,OK,ThreadFoodpanda 1-45,text,true,,61065,119,136,136,https://www.foodpanda.com/,42153,0,0
1695133359788,23575,HTTP Request,200,OK,ThreadFoodpanda 1-27,text,true,,61065,119,136,136,https://www.foodpanda.com/,23562,0,0
1695133345495,38817,HTTP Request,200,OK,ThreadFoodpanda 1-26,text,true,,61065,119,136,136,https://www.foodpanda.com/,38812,0,0
1695133359969,24391,HTTP Request,200,OK,ThreadFoodpanda 1-72,text,true,,61065,119,136,136,https://www.foodpanda.com/,23728,0,0
1695133370695,13778,HTTP Request,200,OK,ThreadFoodpanda 1-9,text,true,,61065,119,136,136,https://www.foodpanda.com/,13725,0,1040
1695133327625,56899,HTTP Request,200,OK,ThreadFoodpanda 1-86,text,true,,61065,119,135,135,https://www.foodpanda.com/,56884,0,0
1695133330709,53937,HTTP Request,200,OK,ThreadFoodpanda 1-117,text,true,,61065,119,135,135,https://www.foodpanda.com/,53273,0,0
1695133303213,81638,HTTP Request,200,OK,ThreadFoodpanda 1-102,text,true,,61065,119,135,135,https://www.foodpanda.com/,81583,0,15
1695133375958,9208,HTTP Request,200,OK,ThreadFoodpanda 1-80,text,true,,61065,119,135,135,https://www.foodpanda.com/,8958,0,13
1695133339305,46128,HTTP Request,200,OK,ThreadFoodpanda 1-62,text,true,,61065,119,134,134,https://www.foodpanda.com/,45902,0,0
1695133346545,39027,HTTP Request,200,OK,ThreadFoodpanda 1-52,text,true,,61065,119,134,134,https://www.foodpanda.com/,38799,0,0
1695133376600,9268,HTTP Request,200,OK,ThreadFoodpanda 1-100,text,true,,61065,119,134,134,https://www.foodpanda.com/,9251,0,0
1695133373574,12375,HTTP Request,200,OK,ThreadFoodpanda 1-58,text,true,,61065,119,134,134,https://www.foodpanda.com/,12367,0,0
1695133339947,46045,HTTP Request,200,OK,ThreadFoodpanda 1-63,text,true,,61065,119,134,134,https://www.foodpanda.com/,45798,0,0
1695133373813,12560,HTTP Request,200,OK,ThreadFoodpanda 1-18,text,true,,61065,119,134,134,https://www.foodpanda.com/,12556,0,0
1695133366818,19852,HTTP Request,200,OK,ThreadFoodpanda 1-1,text,true,,61065,119,134,134,https://www.foodpanda.com/,19841,0,12
1695133367131,19776,HTTP Request,200,OK,ThreadFoodpanda 1-25,text,true,,61065,119,133,133,https://www.foodpanda.com/,19769,0,12
1695133359878,27439,HTTP Request,200,OK,ThreadFoodpanda 1-96,text,true,,61065,119,133,133,https://www.foodpanda.com/,27421,0,0
1695133356056,31632,HTTP Request,200,OK,ThreadFoodpanda 1-127,text,true,,61065,119,133,133,https://www.foodpanda.com/,31399,0,0
1695133300899,86815,HTTP Request,200,OK,ThreadFoodpanda 1-32,text,true,,61065,119,133,133,https://www.foodpanda.com/,86783,0,17
1695133374972,12863,HTTP Request,200,OK,ThreadFoodpanda 1-68,text,true,,61065,119,133,133,https://www.foodpanda.com/,12841,0,12
1695133367980,20274,HTTP Request,200,OK,ThreadFoodpanda 1-144,text,true,,61065,119,133,133,https://www.foodpanda.com/,20269,0,15
1695133384359,4110,HTTP Request,200,OK,ThreadFoodpanda 1-72,text,true,,61065,119,133,133,https://www.foodpanda.com/,4105,0,13
1695133384311,4365,HTTP Request,200,OK,ThreadFoodpanda 1-26,text,true,,61065,119,132,132,https://www.foodpanda.com/,4359,0,227
1695133383363,5428,HTTP Request,200,OK,ThreadFoodpanda 1-27,text,true,,61065,119,131,131,https://www.foodpanda.com/,4751,0,14
1695133335972,52998,HTTP Request,200,OK,ThreadFoodpanda 1-64,text,true,,61065,119,131,131,https://www.foodpanda.com/,52993,0,0
1695133381231,7942,HTTP Request,200,OK,ThreadFoodpanda 1-77,text,true,,61065,119,131,131,https://www.foodpanda.com/,7935,0,0
1695133368934,20422,HTTP Request,200,OK,ThreadFoodpanda 1-5,text,true,,61065,119,130,130,https://www.foodpanda.com/,20417,0,13
1695133382113,7900,HTTP Request,200,OK,ThreadFoodpanda 1-108,text,true,,61065,119,130,130,https://www.foodpanda.com/,7890,0,0
1695133385949,4181,HTTP Request,200,OK,ThreadFoodpanda 1-58,text,true,,61065,119,130,130,https://www.foodpanda.com/,4173,0,0
1695133302750,87569,HTTP Request,200,OK,ThreadFoodpanda 1-88,text,true,,61065,119,130,130,https://www.foodpanda.com/,87563,0,16
1695133385434,5043,HTTP Request,200,OK,ThreadFoodpanda 1-62,text,true,,61065,119,130,130,https://www.foodpanda.com/,4595,0,13
1695133308699,81852,HTTP Request,200,OK,ThreadFoodpanda 1-41,text,true,,61065,119,130,130,https://www.foodpanda.com/,81842,0,0
1695133378269,12479,HTTP Request,200,OK,ThreadFoodpanda 1-44,text,true,,61065,119,130,130,https://www.foodpanda.com/,12474,0,0
1695133383148,7885,HTTP Request,200,OK,ThreadFoodpanda 1-107,text,true,,61065,119,130,130,https://www.foodpanda.com/,7879,0,14
1695133367846,23386,HTTP Request,200,OK,ThreadFoodpanda 1-114,text,true,,61065,119,129,129,https://www.foodpanda.com/,23381,0,14
1695133368352,23293,HTTP Request,200,OK,ThreadFoodpanda 1-121,text,true,,61065,119,129,129,https://www.foodpanda.com/,23288,0,13
1695133375975,16094,HTTP Request,200,OK,ThreadFoodpanda 1-51,text,true,,61065,119,128,128,https://www.foodpanda.com/,16084,0,12
1695133302247,89915,HTTP Request,200,OK,ThreadFoodpanda 1-15,text,true,,61065,119,128,128,https://www.foodpanda.com/,89908,0,0
1695133365561,26847,HTTP Request,200,OK,ThreadFoodpanda 1-40,text,true,,61065,119,128,128,https://www.foodpanda.com/,26833,0,16
1695133301815,90859,HTTP Request,200,OK,ThreadFoodpanda 1-14,text,true,,61065,119,127,127,https://www.foodpanda.com/,90850,0,0
1695133376864,15955,HTTP Request,200,OK,ThreadFoodpanda 1-112,text,true,,61065,119,127,127,https://www.foodpanda.com/,15952,0,13
1695133377247,15772,HTTP Request,200,OK,ThreadFoodpanda 1-119,text,true,,61065,119,127,127,https://www.foodpanda.com/,15764,0,15
1695133366402,26820,HTTP Request,200,OK,ThreadFoodpanda 1-31,text,true,,61065,119,127,127,https://www.foodpanda.com/,26814,0,12
1695133370424,23116,HTTP Request,200,OK,ThreadFoodpanda 1-29,text,true,,61065,119,127,127,https://www.foodpanda.com/,23113,0,13
1695133382503,11136,HTTP Request,200,OK,ThreadFoodpanda 1-55,text,true,,61065,119,126,126,https://www.foodpanda.com/,11131,0,14
1695133367123,26712,HTTP Request,200,OK,ThreadFoodpanda 1-87,text,true,,61065,119,126,126,https://www.foodpanda.com/,26703,0,16
1695133344749,49393,HTTP Request,200,OK,ThreadFoodpanda 1-130,text,true,,61065,119,126,126,https://www.foodpanda.com/,49368,0,0
1695133371123,23126,HTTP Request,200,OK,ThreadFoodpanda 1-135,text,true,,61065,119,126,126,https://www.foodpanda.com/,23119,0,14
1695133319891,74566,HTTP Request,200,OK,ThreadFoodpanda 1-132,text,true,,61065,119,126,126,https://www.foodpanda.com/,74561,0,0
1695133303047,91674,HTTP Request,200,OK,ThreadFoodpanda 1-97,text,true,,61065,119,126,126,https://www.foodpanda.com/,91659,0,18
1695133342517,52781,HTTP Request,200,OK,ThreadFoodpanda 1-92,text,true,,61065,119,126,126,https://www.foodpanda.com/,52767,0,0
1695133356831,38599,HTTP Request,200,OK,ThreadFoodpanda 1-83,text,true,,61065,119,126,126,https://www.foodpanda.com/,38527,0,0
1695133335466,60020,HTTP Request,200,OK,ThreadFoodpanda 1-149,text,true,,61065,119,126,126,https://www.foodpanda.com/,60013,0,0
1695133342757,53008,HTTP Request,200,OK,ThreadFoodpanda 1-53,text,true,,61065,119,126,126,https://www.foodpanda.com/,52998,0,0
1695133372891,23025,HTTP Request,200,OK,ThreadFoodpanda 1-21,text,true,,61065,119,126,126,https://www.foodpanda.com/,23019,0,19
1695133369448,26758,HTTP Request,200,OK,ThreadFoodpanda 1-3,text,true,,61065,119,126,126,https://www.foodpanda.com/,26752,0,13
1695133332799,63631,HTTP Request,200,OK,ThreadFoodpanda 1-30,text,true,,61065,119,126,126,https://www.foodpanda.com/,63627,0,0
1695133389357,7475,HTTP Request,200,OK,ThreadFoodpanda 1-5,text,true,,61065,119,125,125,https://www.foodpanda.com/,7467,0,0
1695133329844,67445,HTTP Request,200,OK,ThreadFoodpanda 1-69,text,true,,61065,119,124,124,https://www.foodpanda.com/,67440,0,0
1695133385572,11939,HTTP Request,200,OK,ThreadFoodpanda 1-52,text,true,,61065,119,124,124,https://www.foodpanda.com/,11882,0,437
1695133383095,14502,HTTP Request,200,OK,ThreadFoodpanda 1-95,text,true,,61065,119,123,123,https://www.foodpanda.com/,14497,0,13
1695133363863,34056,HTTP Request,200,OK,ThreadFoodpanda 1-66,text,true,,61065,119,123,123,https://www.foodpanda.com/,34030,0,15
1695133364617,33707,HTTP Request,200,OK,ThreadFoodpanda 1-145,text,true,,61065,119,123,123,https://www.foodpanda.com/,33684,0,0
1695133316368,81961,HTTP Request,200,OK,ThreadFoodpanda 1-13,text,true,,61065,119,123,123,https://www.foodpanda.com/,81735,0,0
1695133379874,18624,HTTP Request,200,OK,ThreadFoodpanda 1-123,text,true,,61065,119,123,123,https://www.foodpanda.com/,18619,0,12
1695133391232,7474,HTTP Request,200,OK,ThreadFoodpanda 1-114,text,true,,61065,119,122,122,https://www.foodpanda.com/,7466,0,0
1695133324394,74519,HTTP Request,200,OK,ThreadFoodpanda 1-12,text,true,,61065,119,121,121,https://www.foodpanda.com/,74511,0,0
1695133303579,95448,HTTP Request,200,OK,ThreadFoodpanda 1-113,text,true,,61065,119,121,121,https://www.foodpanda.com/,95433,0,15
1695133339667,59584,HTTP Request,200,OK,ThreadFoodpanda 1-35,text,true,,61065,119,121,121,https://www.foodpanda.com/,59582,0,0
1695133365968,33563,HTTP Request,200,OK,ThreadFoodpanda 1-136,text,true,,61065,119,120,120,https://www.foodpanda.com/,33558,0,14
1695133343368,56370,HTTP Request,200,OK,ThreadFoodpanda 1-81,text,true,,61065,119,119,119,https://www.foodpanda.com/,56366,0,0
1695133388971,10876,HTTP Request,200,OK,ThreadFoodpanda 1-64,text,true,,61065,119,118,118,https://www.foodpanda.com/,10871,0,13
1695133304684,95377,HTTP Request,200,OK,ThreadFoodpanda 1-70,text,true,,61065,119,118,118,https://www.foodpanda.com/,95373,0,0
1695133392820,7479,HTTP Request,200,OK,ThreadFoodpanda 1-112,text,true,,61065,119,118,118,https://www.foodpanda.com/,7463,0,0
1695133386374,14280,HTTP Request,200,OK,ThreadFoodpanda 1-18,text,true,,61065,119,118,118,https://www.foodpanda.com/,14271,0,0
1695133300043,100684,HTTP Request,200,OK,ThreadFoodpanda 1-6,text,true,,61065,119,118,118,https://www.foodpanda.com/,100464,0,227
1695133390129,10812,HTTP Request,200,OK,ThreadFoodpanda 1-58,text,true,,61065,119,118,118,https://www.foodpanda.com/,10805,0,0
1695133383290,17864,HTTP Request,200,OK,ThreadFoodpanda 1-45,text,true,,61065,119,117,117,https://www.foodpanda.com/,17858,0,14
1695133352932,48346,HTTP Request,200,OK,ThreadFoodpanda 1-74,text,true,,61065,119,117,117,https://www.foodpanda.com/,48346,0,0
1695133397597,3864,HTTP Request,200,OK,ThreadFoodpanda 1-95,text,true,,61065,119,116,116,https://www.foodpanda.com/,3860,0,0
1695133301063,100502,HTTP Request,524,,ThreadFoodpanda 1-37,,false,,568,119,116,116,https://www.foodpanda.com/,100502,0,17
1695133372287,29606,HTTP Request,200,OK,ThreadFoodpanda 1-85,text,true,,61065,119,116,116,https://www.foodpanda.com/,29591,0,20
1695133365325,36842,HTTP Request,200,OK,ThreadFoodpanda 1-20,text,true,,61065,119,116,116,https://www.foodpanda.com/,36837,0,13
1695133301691,100509,HTTP Request,524,,ThreadFoodpanda 1-56,,false,,568,119,116,116,https://www.foodpanda.com/,100509,0,25
1695133301822,100481,HTTP Request,524,,ThreadFoodpanda 1-60,,false,,568,119,116,116,https://www.foodpanda.com/,100481,0,16
1695133342954,59424,HTTP Request,200,OK,ThreadFoodpanda 1-90,text,true,,61065,119,116,116,https://www.foodpanda.com/,59420,0,0
1695133395298,7298,HTTP Request,200,OK,ThreadFoodpanda 1-92,text,true,,61065,119,116,116,https://www.foodpanda.com/,7289,0,14
1695133395486,7464,HTTP Request,200,OK,ThreadFoodpanda 1-149,text,true,,61065,119,116,116,https://www.foodpanda.com/,7226,0,13
1695133396206,7128,HTTP Request,200,OK,ThreadFoodpanda 1-3,text,true,,61065,119,116,116,https://www.foodpanda.com/,7120,0,0
1695133303550,100021,HTTP Request,524,,ThreadFoodpanda 1-22,,false,,568,119,116,116,https://www.foodpanda.com/,100021,0,0
1695133395765,7814,HTTP Request,200,OK,ThreadFoodpanda 1-53,text,true,,61065,119,116,116,https://www.foodpanda.com/,7134,0,14
1695133303315,100492,HTTP Request,524,,ThreadFoodpanda 1-105,,false,,568,119,116,116,https://www.foodpanda.com/,100492,0,16
1695133385993,17819,HTTP Request,200,OK,ThreadFoodpanda 1-63,text,true,,61065,119,116,116,https://www.foodpanda.com/,17540,0,15
1695133374419,29604,HTTP Request,200,OK,ThreadFoodpanda 1-84,text,true,,61065,119,116,116,https://www.foodpanda.com/,29601,0,13
1695133340979,63080,HTTP Request,200,OK,ThreadFoodpanda 1-33,text,true,,61065,119,116,116,https://www.foodpanda.com/,62850,0,0
1695133393639,10488,HTTP Request,200,OK,ThreadFoodpanda 1-55,text,true,,61065,119,115,115,https://www.foodpanda.com/,10478,0,0
1695133303643,100490,HTTP Request,524,,ThreadFoodpanda 1-115,,false,,568,119,114,114,https://www.foodpanda.com/,100490,0,23
1695133371451,32977,HTTP Request,200,OK,ThreadFoodpanda 1-143,text,true,,61065,119,114,114,https://www.foodpanda.com/,32969,0,14
1695133303975,100632,HTTP Request,524,,ThreadFoodpanda 1-125,,false,,568,119,114,114,https://www.foodpanda.com/,100632,0,16
1695133338514,66318,HTTP Request,200,OK,ThreadFoodpanda 1-134,text,true,,61065,119,114,114,https://www.foodpanda.com/,66309,0,0
1695133304370,100502,HTTP Request,524,,ThreadFoodpanda 1-137,,false,,568,119,114,114,https://www.foodpanda.com/,100502,0,14
1695133304402,100695,HTTP Request,524,,ThreadFoodpanda 1-138,,false,,568,119,114,114,https://www.foodpanda.com/,100695,0,15
1695133387836,17349,HTTP Request,200,OK,ThreadFoodpanda 1-68,text,true,,61065,119,114,114,https://www.foodpanda.com/,17349,0,0
1695133304697,100615,HTTP Request,524,,ThreadFoodpanda 1-147,,false,,568,119,113,113,https://www.foodpanda.com/,100615,0,15
1695133388793,17191,HTTP Request,200,OK,ThreadFoodpanda 1-27,text,true,,61065,119,113,113,https://www.foodpanda.com/,17190,0,0
1695133361859,44144,HTTP Request,200,OK,ThreadFoodpanda 1-71,text,true,,61065,119,113,113,https://www.foodpanda.com/,43919,0,0
1695133306193,100033,HTTP Request,524,,ThreadFoodpanda 1-11,,false,,568,119,113,113,https://www.foodpanda.com/,100033,0,0
1695133392674,13809,HTTP Request,200,OK,ThreadFoodpanda 1-14,text,true,,61065,119,113,113,https://www.foodpanda.com/,13803,0,14
1695133399847,6967,HTTP Request,200,OK,ThreadFoodpanda 1-64,text,true,,61065,119,113,113,https://www.foodpanda.com/,6963,0,0
1695133370315,36589,HTTP Request,200,OK,ThreadFoodpanda 1-146,text,true,,61065,119,113,113,https://www.foodpanda.com/,36369,0,15
1695133400062,6975,HTTP Request,200,OK,ThreadFoodpanda 1-70,text,true,,61065,119,112,112,https://www.foodpanda.com/,6969,0,13
1695133319643,87611,HTTP Request,200,OK,ThreadFoodpanda 1-91,text,true,,61065,119,112,112,https://www.foodpanda.com/,87605,0,0
1695133390550,17183,HTTP Request,200,OK,ThreadFoodpanda 1-41,text,true,,61065,119,112,112,https://www.foodpanda.com/,17178,0,13
1695133390748,17201,HTTP Request,200,OK,ThreadFoodpanda 1-44,text,true,,61065,119,112,112,https://www.foodpanda.com/,17196,0,0
1695133379287,28939,HTTP Request,200,OK,ThreadFoodpanda 1-28,text,true,,61065,119,112,112,https://www.foodpanda.com/,28934,0,13
1695133401155,7276,HTTP Request,200,OK,ThreadFoodpanda 1-45,text,true,,61065,119,112,112,https://www.foodpanda.com/,7268,0,0
1695133361248,47386,HTTP Request,200,OK,ThreadFoodpanda 1-46,text,true,,61065,119,112,112,https://www.foodpanda.com/,47381,0,0
1695133404833,3976,HTTP Request,200,OK,ThreadFoodpanda 1-134,text,true,,61065,119,111,111,https://www.foodpanda.com/,3957,0,12
1695133387689,21479,HTTP Request,200,OK,ThreadFoodpanda 1-127,text,true,,61065,119,111,111,https://www.foodpanda.com/,21471,0,1070
1695133398912,10543,HTTP Request,200,OK,ThreadFoodpanda 1-12,text,true,,61065,119,111,111,https://www.foodpanda.com/,10537,0,14
1695133347661,62349,HTTP Request,200,OK,ThreadFoodpanda 1-47,text,true,,61065,119,111,111,https://www.foodpanda.com/,62342,0,0
1695133406483,4187,HTTP Request,200,OK,ThreadFoodpanda 1-14,text,true,,61065,119,110,110,https://www.foodpanda.com/,4182,0,0
1695133383090,27743,HTTP Request,200,OK,ThreadFoodpanda 1-89,text,true,,61065,119,110,110,https://www.foodpanda.com/,27739,0,0
1695133403580,7459,HTTP Request,200,OK,ThreadFoodpanda 1-53,text,true,,61065,119,109,109,https://www.foodpanda.com/,7455,0,0
1695133400654,10582,HTTP Request,200,OK,ThreadFoodpanda 1-18,text,true,,61065,119,109,109,https://www.foodpanda.com/,10577,0,0
1695133360858,50583,HTTP Request,200,OK,ThreadFoodpanda 1-75,text,true,,61065,119,108,108,https://www.foodpanda.com/,50576,0,0
1695133387318,24323,HTTP Request,200,OK,ThreadFoodpanda 1-96,text,true,,61065,119,108,108,https://www.foodpanda.com/,24318,0,15
1695133369178,42600,HTTP Request,200,OK,ThreadFoodpanda 1-99,text,true,,61065,119,107,107,https://www.foodpanda.com/,42594,0,3013
1695133361364,50697,HTTP Request,200,OK,ThreadFoodpanda 1-150,text,true,,61065,119,107,107,https://www.foodpanda.com/,50693,0,0
1695133380811,31395,HTTP Request,200,OK,ThreadFoodpanda 1-50,text,true,,61065,119,107,107,https://www.foodpanda.com/,31372,0,20
1695133354320,58268,HTTP Request,200,OK,ThreadFoodpanda 1-106,text,true,,61065,119,107,107,https://www.foodpanda.com/,58268,0,0
1695133402201,10845,HTTP Request,200,OK,ThreadFoodpanda 1-56,text,true,,61065,119,107,107,https://www.foodpanda.com/,10589,0,12
1695133395915,17173,HTTP Request,200,OK,ThreadFoodpanda 1-21,text,true,,61065,119,107,107,https://www.foodpanda.com/,17160,0,0
1695133366720,46559,HTTP Request,200,OK,ThreadFoodpanda 1-65,text,true,,61065,119,106,106,https://www.foodpanda.com/,46553,0,14
1695133377727,35665,HTTP Request,200,OK,ThreadFoodpanda 1-110,text,true,,61065,119,106,106,https://www.foodpanda.com/,35660,0,0
1695133390013,23800,HTTP Request,200,OK,ThreadFoodpanda 1-108,text,true,,61065,119,106,106,https://www.foodpanda.com/,23795,0,0
1695133407254,7191,HTTP Request,200,OK,ThreadFoodpanda 1-91,text,true,,61065,119,106,106,https://www.foodpanda.com/,7186,0,13
1695133407733,7106,HTTP Request,200,OK,ThreadFoodpanda 1-41,text,true,,61065,119,105,105,https://www.foodpanda.com/,7101,0,0
1695133404134,10815,HTTP Request,200,OK,ThreadFoodpanda 1-115,text,true,,61065,119,104,104,https://www.foodpanda.com/,10580,0,13
1695133401463,13667,HTTP Request,200,OK,ThreadFoodpanda 1-95,text,true,,61065,119,104,104,https://www.foodpanda.com/,13662,0,0
1695133384851,30600,HTTP Request,200,OK,ThreadFoodpanda 1-102,text,true,,61065,119,103,103,https://www.foodpanda.com/,30586,0,27
1695133380940,34612,HTTP Request,200,OK,ThreadFoodpanda 1-4,text,true,,61065,119,103,103,https://www.foodpanda.com/,34344,0,0
1695133395430,20217,HTTP Request,200,OK,ThreadFoodpanda 1-83,text,true,,61065,119,103,103,https://www.foodpanda.com/,20213,0,14
1695133412207,3656,HTTP Request,200,OK,ThreadFoodpanda 1-50,text,true,,61065,119,102,102,https://www.foodpanda.com/,3651,0,0
1695133412589,3676,HTTP Request,200,OK,ThreadFoodpanda 1-106,text,true,,61065,119,101,101,https://www.foodpanda.com/,3671,0,16
1695133374604,42610,HTTP Request,200,OK,ThreadFoodpanda 1-59,text,true,,61065,119,101,101,https://www.foodpanda.com/,42377,0,17
1695133407036,10277,HTTP Request,200,OK,ThreadFoodpanda 1-70,text,true,,61065,119,101,101,https://www.foodpanda.com/,10273,0,0
1695133377877,39576,HTTP Request,200,OK,ThreadFoodpanda 1-7,text,true,,61065,119,101,101,https://www.foodpanda.com/,39555,0,31
1695133356594,60923,HTTP Request,200,OK,ThreadFoodpanda 1-140,text,true,,61065,119,101,101,https://www.foodpanda.com/,60918,0,0
1695133331351,86681,HTTP Request,200,OK,ThreadFoodpanda 1-39,text,true,,61065,119,101,101,https://www.foodpanda.com/,86462,0,0
1695133394721,23520,HTTP Request,200,OK,ThreadFoodpanda 1-97,text,true,,61065,119,101,101,https://www.foodpanda.com/,23509,0,28
1695133404874,13823,HTTP Request,200,OK,ThreadFoodpanda 1-137,text,true,,61065,119,101,101,https://www.foodpanda.com/,13588,0,13
1695133392162,26627,HTTP Request,200,OK,ThreadFoodpanda 1-15,text,true,,61065,119,101,101,https://www.foodpanda.com/,26621,0,13
1695133373943,45349,HTTP Request,200,OK,ThreadFoodpanda 1-38,text,true,,61065,119,101,101,https://www.foodpanda.com/,45336,0,12
1695133377292,42033,HTTP Request,200,OK,ThreadFoodpanda 1-98,text,true,,61065,119,101,101,https://www.foodpanda.com/,39468,0,13
1695133344342,75144,HTTP Request,200,OK,ThreadFoodpanda 1-126,text,true,,61065,119,101,101,https://www.foodpanda.com/,75139,0,0
1695133393222,26478,HTTP Request,200,OK,ThreadFoodpanda 1-31,text,true,,61065,119,101,101,https://www.foodpanda.com/,26465,0,0
1695133403572,16469,HTTP Request,200,OK,ThreadFoodpanda 1-22,text,true,,61065,119,100,100,https://www.foodpanda.com/,16463,0,13
1695133413280,6764,HTTP Request,200,OK,ThreadFoodpanda 1-65,text,true,,61065,119,100,100,https://www.foodpanda.com/,6533,0,0
1695133352447,67828,HTTP Request,200,OK,ThreadFoodpanda 1-142,text,true,,61065,119,100,100,https://www.foodpanda.com/,67808,0,0
1695133404428,16524,HTTP Request,200,OK,ThreadFoodpanda 1-143,text,true,,61065,119,100,100,https://www.foodpanda.com/,16519,0,0
1695133411441,9834,HTTP Request,200,OK,ThreadFoodpanda 1-75,text,true,,61065,119,100,100,https://www.foodpanda.com/,9829,0,23
1695133417518,3872,HTTP Request,200,OK,ThreadFoodpanda 1-140,text,true,,61065,119,99,99,https://www.foodpanda.com/,3624,0,12
1695133361985,59534,HTTP Request,200,OK,ThreadFoodpanda 1-109,text,true,,61065,119,99,99,https://www.foodpanda.com/,59526,0,0
1695133418242,3566,HTTP Request,200,OK,ThreadFoodpanda 1-97,text,true,,61065,119,98,98,https://www.foodpanda.com/,3561,0,0
1695133347199,74820,HTTP Request,200,OK,ThreadFoodpanda 1-67,text,true,,61065,119,98,98,https://www.foodpanda.com/,74816,0,0
1695133362848,59316,HTTP Request,200,OK,ThreadFoodpanda 1-124,text,true,,61065,119,98,98,https://www.foodpanda.com/,59296,0,0
1695133413047,9636,HTTP Request,200,OK,ThreadFoodpanda 1-56,text,true,,61065,119,98,98,https://www.foodpanda.com/,9623,0,0
1695133378933,44599,HTTP Request,200,OK,ThreadFoodpanda 1-111,text,true,,61065,119,98,98,https://www.foodpanda.com/,44593,0,12
1695133417315,6550,HTTP Request,200,OK,ThreadFoodpanda 1-70,text,true,,61065,119,98,98,https://www.foodpanda.com/,6541,0,0
1695133385869,38091,HTTP Request,200,OK,ThreadFoodpanda 1-100,text,true,,61065,119,97,97,https://www.foodpanda.com/,36557,0,0
1695133371541,52538,HTTP Request,200,OK,ThreadFoodpanda 1-48,text,true,,61065,119,97,97,https://www.foodpanda.com/,52538,0,1067
1695133372754,51534,HTTP Request,200,OK,ThreadFoodpanda 1-61,text,true,,61065,119,97,97,https://www.foodpanda.com/,51528,0,13
1695133414949,9614,HTTP Request,200,OK,ThreadFoodpanda 1-115,text,true,,61065,119,97,97,https://www.foodpanda.com/,9609,0,0
1695133399027,25747,HTTP Request,200,OK,ThreadFoodpanda 1-113,text,true,,61065,119,97,97,https://www.foodpanda.com/,25742,0,20
1695133332915,91978,HTTP Request,200,OK,ThreadFoodpanda 1-118,text,true,,61065,119,97,97,https://www.foodpanda.com/,91974,0,0
1695133409455,15647,HTTP Request,200,OK,ThreadFoodpanda 1-12,text,true,,61065,119,97,97,https://www.foodpanda.com/,15643,0,0
1695133403335,22274,HTTP Request,200,OK,ThreadFoodpanda 1-3,text,true,,61065,119,96,96,https://www.foodpanda.com/,22269,0,0
1695133371463,54468,HTTP Request,200,OK,ThreadFoodpanda 1-49,text,true,,61065,119,96,96,https://www.foodpanda.com/,54462,0,12
1695133397289,28838,HTTP Request,200,OK,ThreadFoodpanda 1-69,text,true,,61065,119,96,96,https://www.foodpanda.com/,28831,0,13
1695133420043,6375,HTTP Request,200,OK,ThreadFoodpanda 1-65,text,true,,61065,119,96,96,https://www.foodpanda.com/,6370,0,0
1695133420276,6344,HTTP Request,200,OK,ThreadFoodpanda 1-142,text,true,,61065,119,95,95,https://www.foodpanda.com/,6339,0,22
1695133423532,3227,HTTP Request,200,OK,ThreadFoodpanda 1-111,text,true,,61065,119,95,95,https://www.foodpanda.com/,3216,0,0
1695133358467,68699,HTTP Request,200,OK,ThreadFoodpanda 1-2,text,true,,61065,119,94,94,https://www.foodpanda.com/,68694,0,0
1695133402379,25202,HTTP Request,200,OK,ThreadFoodpanda 1-90,text,true,,61065,119,94,94,https://www.foodpanda.com/,25192,0,14
1695133424562,3208,HTTP Request,200,OK,ThreadFoodpanda 1-115,text,true,,61065,119,94,94,https://www.foodpanda.com/,3204,0,0
1695133408808,19292,HTTP Request,200,OK,ThreadFoodpanda 1-134,text,true,,61065,119,94,94,https://www.foodpanda.com/,19244,0,0
1695133348229,79976,HTTP Request,200,OK,ThreadFoodpanda 1-73,text,true,,61065,119,93,93,https://www.foodpanda.com/,79972,0,0
1695133400301,28170,HTTP Request,200,OK,ThreadFoodpanda 1-112,text,true,,61065,119,93,93,https://www.foodpanda.com/,28166,0,0
1695133419487,9206,HTTP Request,200,OK,ThreadFoodpanda 1-126,text,true,,61065,119,93,93,https://www.foodpanda.com/,9201,0,12
1695133400728,28074,HTTP Request,200,OK,ThreadFoodpanda 1-6,text,true,,61065,119,93,93,https://www.foodpanda.com/,28069,0,26
1695133328902,100051,HTTP Request,524,,ThreadFoodpanda 1-94,,false,,568,119,93,93,https://www.foodpanda.com/,100051,0,0
1695133420041,9063,HTTP Request,200,OK,ThreadFoodpanda 1-22,text,true,,61065,119,93,93,https://www.foodpanda.com/,9058,0,0
1695133384524,44984,HTTP Request,200,OK,ThreadFoodpanda 1-86,text,true,,61065,119,93,93,https://www.foodpanda.com/,44979,0,12
1695133392069,37843,HTTP Request,200,OK,ThreadFoodpanda 1-51,text,true,,61065,119,93,93,https://www.foodpanda.com/,37827,0,0
1695133402305,27724,HTTP Request,200,OK,ThreadFoodpanda 1-60,text,true,,61065,119,92,92,https://www.foodpanda.com/,27719,0,13
1695133402597,27638,HTTP Request,200,OK,ThreadFoodpanda 1-92,text,true,,61065,119,92,92,https://www.foodpanda.com/,27632,0,0
1695133418698,11835,HTTP Request,200,OK,ThreadFoodpanda 1-137,text,true,,61065,119,91,91,https://www.foodpanda.com/,11830,0,0
1695133422018,8923,HTTP Request,200,OK,ThreadFoodpanda 1-67,text,true,,61065,119,91,91,https://www.foodpanda.com/,8922,0,13
1695133390319,40815,HTTP Request,200,OK,ThreadFoodpanda 1-88,text,true,,61065,119,91,91,https://www.foodpanda.com/,40809,0,13
1695133403808,27452,HTTP Request,200,OK,ThreadFoodpanda 1-105,text,true,,61065,119,91,91,https://www.foodpanda.com/,27452,0,14
1695133394249,37298,HTTP Request,200,OK,ThreadFoodpanda 1-135,text,true,,61065,119,91,91,https://www.foodpanda.com/,37285,0,0
1695133411040,20628,HTTP Request,200,OK,ThreadFoodpanda 1-53,text,true,,61065,119,91,91,https://www.foodpanda.com/,20614,0,0
1695133361248,70605,HTTP Request,200,OK,ThreadFoodpanda 1-24,text,true,,61065,119,90,90,https://www.foodpanda.com/,70600,0,22
1695133408226,23925,HTTP Request,200,OK,ThreadFoodpanda 1-28,text,true,,61065,119,90,90,https://www.foodpanda.com/,23917,0,0
1695133347019,85319,HTTP Request,200,OK,ThreadFoodpanda 1-54,text,true,,61065,119,89,89,https://www.foodpanda.com/,85314,0,0
1695133423959,8583,HTTP Request,200,OK,ThreadFoodpanda 1-100,text,true,,61065,119,89,89,https://www.foodpanda.com/,8578,0,0
1695133424287,8477,HTTP Request,200,OK,ThreadFoodpanda 1-61,text,true,,61065,119,88,88,https://www.foodpanda.com/,8465,0,0
1695133427167,5711,HTTP Request,200,OK,ThreadFoodpanda 1-2,text,true,,61065,119,88,88,https://www.foodpanda.com/,5706,0,14
1695133377768,55350,HTTP Request,200,OK,ThreadFoodpanda 1-34,text,true,,61065,119,87,87,https://www.foodpanda.com/,55345,0,12
1695133416265,17174,HTTP Request,200,OK,ThreadFoodpanda 1-106,text,true,,61065,119,87,87,https://www.foodpanda.com/,17131,0,0
1695133413393,20205,HTTP Request,200,OK,ThreadFoodpanda 1-110,text,true,,61065,119,86,86,https://www.foodpanda.com/,20200,0,0
1695133378727,54985,HTTP Request,200,OK,ThreadFoodpanda 1-131,text,true,,61065,119,86,86,https://www.foodpanda.com/,54979,0,15
1695133404024,29901,HTTP Request,200,OK,ThreadFoodpanda 1-84,text,true,,61065,119,86,86,https://www.foodpanda.com/,29894,0,0
1695133430941,3256,HTTP Request,200,OK,ThreadFoodpanda 1-67,text,true,,61065,119,85,85,https://www.foodpanda.com/,3251,0,0
1695133353379,81035,HTTP Request,200,OK,ThreadFoodpanda 1-17,text,true,,61065,119,85,85,https://www.foodpanda.com/,81030,0,0
1695133398329,36204,HTTP Request,200,OK,ThreadFoodpanda 1-13,text,true,,61065,119,85,85,https://www.foodpanda.com/,36199,0,15
1695133401893,32931,HTTP Request,200,OK,ThreadFoodpanda 1-85,text,true,,61065,119,85,85,https://www.foodpanda.com/,32926,0,0
1695133424078,10977,HTTP Request,200,OK,ThreadFoodpanda 1-48,text,true,,61065,119,84,84,https://www.foodpanda.com/,10964,0,0
1695133415453,19731,HTTP Request,200,OK,ThreadFoodpanda 1-102,text,true,,61065,119,84,84,https://www.foodpanda.com/,19727,0,0
1695133418790,16580,HTTP Request,200,OK,ThreadFoodpanda 1-15,text,true,,61065,119,84,84,https://www.foodpanda.com/,16575,0,0
1695133393019,42787,HTTP Request,200,OK,ThreadFoodpanda 1-119,text,true,,61065,119,84,84,https://www.foodpanda.com/,42539,0,0
1695133422163,13694,HTTP Request,200,OK,ThreadFoodpanda 1-124,text,true,,61065,119,84,84,https://www.foodpanda.com/,13689,0,25
1695133393835,42228,HTTP Request,200,OK,ThreadFoodpanda 1-87,text,true,,61065,119,84,84,https://www.foodpanda.com/,42221,0,0
1695133425609,10762,HTTP Request,200,OK,ThreadFoodpanda 1-3,text,true,,61065,119,84,84,https://www.foodpanda.com/,10748,0,0
1695133428472,8094,HTTP Request,200,OK,ThreadFoodpanda 1-112,text,true,,61065,119,83,83,https://www.foodpanda.com/,8085,0,0
1695133426128,10725,HTTP Request,200,OK,ThreadFoodpanda 1-69,text,true,,61065,119,82,82,https://www.foodpanda.com/,10718,0,0
1695133384646,52319,HTTP Request,200,OK,ThreadFoodpanda 1-117,text,true,,61065,119,81,81,https://www.foodpanda.com/,52314,0,12
1695133426621,10564,HTTP Request,200,OK,ThreadFoodpanda 1-142,text,true,,61065,119,80,80,https://www.foodpanda.com/,10560,0,0
1695133409167,28501,HTTP Request,200,OK,ThreadFoodpanda 1-127,text,true,,61065,119,80,80,https://www.foodpanda.com/,28496,0,0
1695133402951,34837,HTTP Request,200,OK,ThreadFoodpanda 1-149,text,true,,61065,119,79,79,https://www.foodpanda.com/,34833,0,0
1695133374940,63164,HTTP Request,200,OK,ThreadFoodpanda 1-43,text,true,,61065,119,78,78,https://www.foodpanda.com/,63159,0,3015
1695133390477,47977,HTTP Request,200,OK,ThreadFoodpanda 1-62,text,true,,61065,119,78,78,https://www.foodpanda.com/,47973,0,0
1695133428205,10536,HTTP Request,200,OK,ThreadFoodpanda 1-73,text,true,,61065,119,78,78,https://www.foodpanda.com/,10527,0,17
1695133397918,41031,HTTP Request,200,OK,ThreadFoodpanda 1-66,text,true,,61065,119,78,78,https://www.foodpanda.com/,41022,0,0
1695133428693,10734,HTTP Request,200,OK,ThreadFoodpanda 1-126,text,true,,61065,119,78,78,https://www.foodpanda.com/,10727,0,0
1695133404609,34839,HTTP Request,200,OK,ThreadFoodpanda 1-125,text,true,,61065,119,78,78,https://www.foodpanda.com/,34598,0,12
1695133412062,28142,HTTP Request,200,OK,ThreadFoodpanda 1-150,text,true,,61065,119,78,78,https://www.foodpanda.com/,27892,0,13
1695133406002,34567,HTTP Request,200,OK,ThreadFoodpanda 1-71,text,true,,61065,119,78,78,https://www.foodpanda.com/,34293,0,24
1695133435183,5535,HTTP Request,200,OK,ThreadFoodpanda 1-102,text,true,,61065,119,78,78,https://www.foodpanda.com/,5531,0,0
1695133430028,10797,HTTP Request,200,OK,ThreadFoodpanda 1-60,text,true,,61065,119,78,78,https://www.foodpanda.com/,10777,0,0
1695133356406,84503,HTTP Request,200,OK,ThreadFoodpanda 1-116,text,true,,61065,119,78,78,https://www.foodpanda.com/,84499,0,0
1695133410671,30577,HTTP Request,200,OK,ThreadFoodpanda 1-14,text,true,,61065,119,77,77,https://www.foodpanda.com/,30567,0,0
1695133387715,53642,HTTP Request,200,OK,ThreadFoodpanda 1-32,text,true,,61065,119,76,76,https://www.foodpanda.com/,53637,0,12
1695133433597,8069,HTTP Request,200,OK,ThreadFoodpanda 1-110,text,true,,61065,119,76,76,https://www.foodpanda.com/,8046,0,14
1695133417454,24414,HTTP Request,200,OK,ThreadFoodpanda 1-7,text,true,,61065,119,75,75,https://www.foodpanda.com/,24393,0,0
1695133341976,100062,HTTP Request,524,,ThreadFoodpanda 1-133,,false,,568,119,75,75,https://www.foodpanda.com/,100062,0,0
1695133411779,30264,HTTP Request,200,OK,ThreadFoodpanda 1-99,text,true,,61065,119,75,75,https://www.foodpanda.com/,30255,0,0
1695133405312,36988,HTTP Request,200,OK,ThreadFoodpanda 1-147,text,true,,61065,119,75,75,https://www.foodpanda.com/,36972,0,13
1695133427581,15313,HTTP Request,200,OK,ThreadFoodpanda 1-90,text,true,,61065,119,75,75,https://www.foodpanda.com/,15278,0,0
1695133437184,5715,HTTP Request,200,OK,ThreadFoodpanda 1-142,text,true,,61065,119,74,74,https://www.foodpanda.com/,5466,0,0
1695133435369,7643,HTTP Request,200,OK,ThreadFoodpanda 1-15,text,true,,61065,119,73,73,https://www.foodpanda.com/,7635,0,0
1695133381792,61304,HTTP Request,200,OK,ThreadFoodpanda 1-101,text,true,,61065,119,72,72,https://www.foodpanda.com/,60828,0,224
1695133430532,12679,HTTP Request,200,OK,ThreadFoodpanda 1-137,text,true,,61065,119,72,72,https://www.foodpanda.com/,12675,0,0
1695133435857,7784,HTTP Request,200,OK,ThreadFoodpanda 1-124,text,true,,61065,119,72,72,https://www.foodpanda.com/,7779,0,0
1695133344093,100045,HTTP Request,524,,ThreadFoodpanda 1-23,,false,,568,119,72,72,https://www.foodpanda.com/,100045,0,0
1695133429105,15138,HTTP Request,200,OK,ThreadFoodpanda 1-22,text,true,,61065,119,72,72,https://www.foodpanda.com/,15132,0,0
1695133398323,46390,HTTP Request,200,OK,ThreadFoodpanda 1-145,text,true,,61065,119,71,71,https://www.foodpanda.com/,45723,0,14
1695133415553,29167,HTTP Request,200,OK,ThreadFoodpanda 1-4,text,true,,61065,119,71,71,https://www.foodpanda.com/,29162,0,0
1695133434414,10393,HTTP Request,200,OK,ThreadFoodpanda 1-17,text,true,,61065,119,70,70,https://www.foodpanda.com/,10341,0,14
1695133427771,17362,HTTP Request,200,OK,ThreadFoodpanda 1-115,text,true,,61065,119,70,70,https://www.foodpanda.com/,17354,0,0
1695133422682,22576,HTTP Request,200,OK,ThreadFoodpanda 1-56,text,true,,61065,119,69,69,https://www.foodpanda.com/,22555,0,0
1695133433712,11702,HTTP Request,200,OK,ThreadFoodpanda 1-131,text,true,,61065,119,69,69,https://www.foodpanda.com/,10207,0,0
1695133418032,28306,HTTP Request,200,OK,ThreadFoodpanda 1-39,text,true,,61065,119,69,69,https://www.foodpanda.com/,28296,0,14
1695133388255,58146,HTTP Request,200,OK,ThreadFoodpanda 1-144,text,true,,61065,119,69,69,https://www.foodpanda.com/,57921,0,0
1695133373269,73252,HTTP Request,200,OK,ThreadFoodpanda 1-42,text,true,,61065,119,69,69,https://www.foodpanda.com/,73242,0,15
1695133444139,2915,HTTP Request,200,OK,ThreadFoodpanda 1-23,text,true,,61065,119,69,69,https://www.foodpanda.com/,2896,0,17
1695133378244,68915,HTTP Request,200,OK,ThreadFoodpanda 1-82,text,true,,61065,119,68,68,https://www.foodpanda.com/,68910,0,13
1695133403813,43571,HTTP Request,200,OK,ThreadFoodpanda 1-63,text,true,,61065,119,67,67,https://www.foodpanda.com/,43567,0,0
1695133347348,100044,HTTP Request,524,,ThreadFoodpanda 1-104,,false,,568,119,66,66,https://www.foodpanda.com/,100044,0,0
1695133435806,11863,HTTP Request,200,OK,ThreadFoodpanda 1-119,text,true,,61065,119,66,66,https://www.foodpanda.com/,11856,0,0
1695133438455,9421,HTTP Request,200,OK,ThreadFoodpanda 1-62,text,true,,61065,119,66,66,https://www.foodpanda.com/,9416,0,0
1695133443213,4797,HTTP Request,200,OK,ThreadFoodpanda 1-137,text,true,,61065,119,65,65,https://www.foodpanda.com/,4792,0,0
1695133408430,39886,HTTP Request,200,OK,ThreadFoodpanda 1-45,text,true,,61065,119,64,64,https://www.foodpanda.com/,39881,0,0
1695133420951,27492,HTTP Request,200,OK,ThreadFoodpanda 1-143,text,true,,61065,119,63,63,https://www.foodpanda.com/,27487,0,0
1695133435056,14916,HTTP Request,200,OK,ThreadFoodpanda 1-48,text,true,,61065,119,63,63,https://www.foodpanda.com/,14910,0,20
1695133413814,36591,HTTP Request,200,OK,ThreadFoodpanda 1-108,text,true,,61065,119,63,63,https://www.foodpanda.com/,36586,0,0
1695133406815,43673,HTTP Request,200,OK,ThreadFoodpanda 1-64,text,true,,61065,119,62,62,https://www.foodpanda.com/,43452,0,0
1695133431259,19683,HTTP Request,200,OK,ThreadFoodpanda 1-105,text,true,,61065,119,61,61,https://www.foodpanda.com/,19678,0,0
1695133401566,49587,HTTP Request,200,OK,ThreadFoodpanda 1-37,text,true,,61065,119,61,61,https://www.foodpanda.com/,49582,0,14
1695133439447,12085,HTTP Request,200,OK,ThreadFoodpanda 1-125,text,true,,61065,119,61,61,https://www.foodpanda.com/,12075,0,0
1695133448443,3374,HTTP Request,200,OK,ThreadFoodpanda 1-143,text,true,,61065,119,61,61,https://www.foodpanda.com/,3369,0,13
1695133442044,9991,HTTP Request,200,OK,ThreadFoodpanda 1-99,text,true,,61065,119,60,60,https://www.foodpanda.com/,9981,0,14
1695133417214,35361,HTTP Request,200,OK,ThreadFoodpanda 1-59,text,true,,61065,119,59,59,https://www.foodpanda.com/,35357,0,0
1695133436063,16717,HTTP Request,200,OK,ThreadFoodpanda 1-87,text,true,,61065,119,59,59,https://www.foodpanda.com/,16712,0,13
1695133438949,14153,HTTP Request,200,OK,ThreadFoodpanda 1-66,text,true,,61065,119,59,59,https://www.foodpanda.com/,14138,0,19
1695133421389,31923,HTTP Request,200,OK,ThreadFoodpanda 1-140,text,true,,61065,119,59,59,https://www.foodpanda.com/,31910,0,0
1695133405983,47446,HTTP Request,200,OK,ThreadFoodpanda 1-27,text,true,,61065,119,58,58,https://www.foodpanda.com/,47441,0,0
1695133424774,28864,HTTP Request,200,OK,ThreadFoodpanda 1-113,text,true,,61065,119,57,57,https://www.foodpanda.com/,28859,0,0
1695133444714,9349,HTTP Request,200,OK,ThreadFoodpanda 1-145,text,true,,61065,119,57,57,https://www.foodpanda.com/,9344,0,0
1695133394142,60214,HTTP Request,200,OK,ThreadFoodpanda 1-130,text,true,,61065,119,57,57,https://www.foodpanda.com/,60209,0,21
1695133443097,11388,HTTP Request,200,OK,ThreadFoodpanda 1-101,text,true,,61065,119,57,57,https://www.foodpanda.com/,11383,0,13
1695133429510,25790,HTTP Request,200,OK,ThreadFoodpanda 1-86,text,true,,61065,119,56,56,https://www.foodpanda.com/,25759,0,0
1695133432337,23055,HTTP Request,200,OK,ThreadFoodpanda 1-54,text,true,,61065,119,56,56,https://www.foodpanda.com/,23047,0,15
1695133432764,22841,HTTP Request,200,OK,ThreadFoodpanda 1-61,text,true,,61065,119,56,56,https://www.foodpanda.com/,22832,0,15
1695133433119,22690,HTTP Request,200,OK,ThreadFoodpanda 1-34,text,true,,61065,119,56,56,https://www.foodpanda.com/,22685,0,0
1695133440720,15366,HTTP Request,200,OK,ThreadFoodpanda 1-102,text,true,,61065,119,56,56,https://www.foodpanda.com/,15362,0,0
1695133445258,10963,HTTP Request,200,OK,ThreadFoodpanda 1-56,text,true,,61065,119,55,55,https://www.foodpanda.com/,10945,0,0
1695133405097,51408,HTTP Request,200,OK,ThreadFoodpanda 1-138,text,true,,61065,119,54,54,https://www.foodpanda.com/,51406,0,17
1695133439426,17381,HTTP Request,200,OK,ThreadFoodpanda 1-126,text,true,,61065,119,54,54,https://www.foodpanda.com/,17351,0,0
1695133446337,10703,HTTP Request,200,OK,ThreadFoodpanda 1-39,text,true,,61065,119,53,53,https://www.foodpanda.com/,10698,0,0
1695133419326,38010,HTTP Request,200,OK,ThreadFoodpanda 1-98,text,true,,61065,119,52,52,https://www.foodpanda.com/,38006,0,0
1695133444808,12721,HTTP Request,200,OK,ThreadFoodpanda 1-17,text,true,,61065,119,51,51,https://www.foodpanda.com/,12716,0,0
1695133428803,29073,HTTP Request,200,OK,ThreadFoodpanda 1-6,text,true,,61065,119,50,50,https://www.foodpanda.com/,29055,0,0
1695133402168,55895,HTTP Request,200,OK,ThreadFoodpanda 1-20,text,true,,61065,119,50,50,https://www.foodpanda.com/,55891,0,0
1695133450943,7443,HTTP Request,200,OK,ThreadFoodpanda 1-105,text,true,,61065,119,50,50,https://www.foodpanda.com/,7420,0,0
1695133406225,52354,HTTP Request,200,OK,ThreadFoodpanda 1-11,text,true,,61065,119,50,50,https://www.foodpanda.com/,52341,0,15
1695133375603,83282,HTTP Request,200,OK,ThreadFoodpanda 1-148,text,true,,61065,119,50,50,https://www.foodpanda.com/,83276,0,13
1695133425931,33160,HTTP Request,200,OK,ThreadFoodpanda 1-49,text,true,,61065,119,50,50,https://www.foodpanda.com/,33156,0,0
1695133438740,20693,HTTP Request,200,OK,ThreadFoodpanda 1-73,text,true,,61065,119,50,50,https://www.foodpanda.com/,20688,0,0
1695133434533,25127,HTTP Request,200,OK,ThreadFoodpanda 1-13,text,true,,61065,119,49,49,https://www.foodpanda.com/,25125,0,0
1695133421807,38147,HTTP Request,200,OK,ThreadFoodpanda 1-97,text,true,,61065,119,48,48,https://www.foodpanda.com/,38142,0,0
1695133458062,2110,HTTP Request,200,OK,ThreadFoodpanda 1-20,text,true,,61065,119,48,48,https://www.foodpanda.com/,2090,0,13
1695133449973,10510,HTTP Request,200,OK,ThreadFoodpanda 1-48,text,true,,61065,119,48,48,https://www.foodpanda.com/,10495,0,0
1695133431134,29645,HTTP Request,200,OK,ThreadFoodpanda 1-88,text,true,,61065,119,47,47,https://www.foodpanda.com/,29619,0,0
1695133459091,2184,HTTP Request,200,OK,ThreadFoodpanda 1-49,text,true,,61065,119,47,47,https://www.foodpanda.com/,2179,0,21
1695133363496,98000,HTTP Request,200,OK,ThreadFoodpanda 1-19,text,true,,61065,119,47,47,https://www.foodpanda.com/,97983,0,15
1695133440826,21061,HTTP Request,200,OK,ThreadFoodpanda 1-60,text,true,,61065,119,47,47,https://www.foodpanda.com/,21057,0,0
1695133394457,67590,HTTP Request,200,OK,ThreadFoodpanda 1-132,text,true,,61065,119,47,47,https://www.foodpanda.com/,67227,0,13
1695133454063,8127,HTTP Request,200,OK,ThreadFoodpanda 1-145,text,true,,61065,119,47,47,https://www.foodpanda.com/,8122,0,0
1695133446400,16307,HTTP Request,200,OK,ThreadFoodpanda 1-144,text,true,,61065,119,46,46,https://www.foodpanda.com/,16303,0,17
1695133386908,76229,HTTP Request,200,OK,ThreadFoodpanda 1-25,text,true,,61065,119,46,46,https://www.foodpanda.com/,76225,0,0
1695133363417,100049,HTTP Request,524,,ThreadFoodpanda 1-16,,false,,568,119,45,45,https://www.foodpanda.com/,100049,0,13
1695133454357,9320,HTTP Request,200,OK,ThreadFoodpanda 1-130,text,true,,61065,119,45,45,https://www.foodpanda.com/,9315,0,12
1695133441868,21886,HTTP Request,200,OK,ThreadFoodpanda 1-7,text,true,,61065,119,45,45,https://www.foodpanda.com/,21866,0,18
1695133456505,7445,HTTP Request,200,OK,ThreadFoodpanda 1-138,text,true,,61065,119,45,45,https://www.foodpanda.com/,7440,0,0
1695133442301,21967,HTTP Request,200,OK,ThreadFoodpanda 1-147,text,true,,61065,119,45,45,https://www.foodpanda.com/,21947,0,0
1695133458385,5990,HTTP Request,200,OK,ThreadFoodpanda 1-105,text,true,,61065,119,45,45,https://www.foodpanda.com/,5975,0,0
1695133462707,1942,HTTP Request,200,OK,ThreadFoodpanda 1-144,text,true,,61065,119,44,44,https://www.foodpanda.com/,1934,0,0
1695133443642,21128,HTTP Request,200,OK,ThreadFoodpanda 1-124,text,true,,61065,119,43,43,https://www.foodpanda.com/,21123,0,0
1695133462047,3162,HTTP Request,200,OK,ThreadFoodpanda 1-132,text,true,,61065,119,42,42,https://www.foodpanda.com/,3148,0,13
1695133463753,1914,HTTP Request,200,OK,ThreadFoodpanda 1-7,text,true,,61065,119,41,41,https://www.foodpanda.com/,1910,0,0
1695133463950,1934,HTTP Request,200,OK,ThreadFoodpanda 1-138,text,true,,61065,119,40,40,https://www.foodpanda.com/,1925,0,0
1695133440205,25909,HTTP Request,200,OK,ThreadFoodpanda 1-150,text,true,,61065,119,40,40,https://www.foodpanda.com/,25253,0,0
1695133461886,4418,HTTP Request,200,OK,ThreadFoodpanda 1-60,text,true,,61065,119,39,39,https://www.foodpanda.com/,4404,0,0
1695133424893,41517,HTTP Request,200,OK,ThreadFoodpanda 1-118,text,true,,61065,119,38,38,https://www.foodpanda.com/,41513,0,13
1695133438103,28529,HTTP Request,200,OK,ThreadFoodpanda 1-43,text,true,,61065,119,38,38,https://www.foodpanda.com/,28524,0,12
1695133431547,35503,HTTP Request,200,OK,ThreadFoodpanda 1-135,text,true,,61065,119,37,37,https://www.foodpanda.com/,35497,0,16
1695133453103,14478,HTTP Request,200,OK,ThreadFoodpanda 1-66,text,true,,61065,119,37,37,https://www.foodpanda.com/,14474,0,0
1695133446520,21322,HTTP Request,200,OK,ThreadFoodpanda 1-42,text,true,,61065,119,36,36,https://www.foodpanda.com/,21311,0,22
1695133459954,8290,HTTP Request,200,OK,ThreadFoodpanda 1-97,text,true,,61065,119,35,35,https://www.foodpanda.com/,8285,0,30
1695133460172,8259,HTTP Request,200,OK,ThreadFoodpanda 1-20,text,true,,61065,119,34,34,https://www.foodpanda.com/,8254,0,0
1695133457876,10767,HTTP Request,200,OK,ThreadFoodpanda 1-6,text,true,,61065,119,33,33,https://www.foodpanda.com/,10762,0,0
1695133460779,8073,HTTP Request,200,OK,ThreadFoodpanda 1-88,text,true,,61065,119,33,33,https://www.foodpanda.com/,8068,0,12
1695133453639,15424,HTTP Request,200,OK,ThreadFoodpanda 1-113,text,true,,61065,119,33,33,https://www.foodpanda.com/,15407,0,0
1695133407949,61320,HTTP Request,200,OK,ThreadFoodpanda 1-44,text,true,,61065,119,33,33,https://www.foodpanda.com/,61319,0,0
1695133458885,10500,HTTP Request,200,OK,ThreadFoodpanda 1-148,text,true,,61065,119,32,32,https://www.foodpanda.com/,10495,0,15
1695133382316,87284,HTTP Request,200,OK,ThreadFoodpanda 1-141,text,true,,61065,119,32,32,https://www.foodpanda.com/,87275,0,13
1695133428954,41272,HTTP Request,200,OK,ThreadFoodpanda 1-94,text,true,,61065,119,32,32,https://www.foodpanda.com/,41250,0,18
1695133440571,30355,HTTP Request,200,OK,ThreadFoodpanda 1-71,text,true,,61065,119,31,31,https://www.foodpanda.com/,30348,0,0
1695133455605,15424,HTTP Request,200,OK,ThreadFoodpanda 1-61,text,true,,61065,119,30,30,https://www.foodpanda.com/,15376,0,0
1695133431852,39437,HTTP Request,200,OK,ThreadFoodpanda 1-24,text,true,,61065,119,29,29,https://www.foodpanda.com/,39431,0,13
1695133458580,13250,HTTP Request,200,OK,ThreadFoodpanda 1-11,text,true,,61065,119,28,28,https://www.foodpanda.com/,13246,0,0
1695133441357,30993,HTTP Request,200,OK,ThreadFoodpanda 1-32,text,true,,61065,119,27,27,https://www.foodpanda.com/,30762,0,0
1695133455392,17046,HTTP Request,200,OK,ThreadFoodpanda 1-54,text,true,,61065,119,27,27,https://www.foodpanda.com/,17045,0,0
1695133442039,30429,HTTP Request,200,OK,ThreadFoodpanda 1-133,text,true,,61065,119,26,26,https://www.foodpanda.com/,30198,0,25
1695133455809,16951,HTTP Request,200,OK,ThreadFoodpanda 1-34,text,true,,61065,119,26,26,https://www.foodpanda.com/,16946,0,11
1695133451533,21517,HTTP Request,200,OK,ThreadFoodpanda 1-125,text,true,,61065,119,26,26,https://www.foodpanda.com/,21506,0,0
1695133466411,6934,HTTP Request,200,OK,ThreadFoodpanda 1-118,text,true,,61065,119,26,26,https://www.foodpanda.com/,6926,0,0
1695133464267,9277,HTTP Request,200,OK,ThreadFoodpanda 1-147,text,true,,61065,119,26,26,https://www.foodpanda.com/,9272,0,0
1695133472349,1623,HTTP Request,200,OK,ThreadFoodpanda 1-32,text,true,,61065,119,26,26,https://www.foodpanda.com/,1613,0,14
1695133461275,12915,HTTP Request,200,OK,ThreadFoodpanda 1-49,text,true,,61065,119,26,26,https://www.foodpanda.com/,12903,0,0
1695133472760,1737,HTTP Request,200,OK,ThreadFoodpanda 1-34,text,true,,61065,119,25,25,https://www.foodpanda.com/,1720,0,0
1695133419292,55338,HTTP Request,200,OK,ThreadFoodpanda 1-38,text,true,,61065,119,24,24,https://www.foodpanda.com/,55321,0,0
1695133473049,1863,HTTP Request,200,OK,ThreadFoodpanda 1-125,text,true,,61065,119,23,23,https://www.foodpanda.com/,1858,0,251
1695133461495,13672,HTTP Request,200,OK,ThreadFoodpanda 1-19,text,true,,61065,119,22,22,https://www.foodpanda.com/,13666,0,16
1695133463466,11768,HTTP Request,200,OK,ThreadFoodpanda 1-16,text,true,,61065,119,21,21,https://www.foodpanda.com/,11763,0,17
1695133455299,20141,HTTP Request,200,OK,ThreadFoodpanda 1-86,text,true,,61065,119,20,20,https://www.foodpanda.com/,20136,0,12
1695133445414,30238,HTTP Request,200,OK,ThreadFoodpanda 1-131,text,true,,61065,119,19,19,https://www.foodpanda.com/,30228,0,14
1695133465885,10011,HTTP Request,200,OK,ThreadFoodpanda 1-138,text,true,,61065,119,18,18,https://www.foodpanda.com/,10006,0,25
1695133434197,42249,HTTP Request,200,OK,ThreadFoodpanda 1-67,text,true,,61065,119,17,17,https://www.foodpanda.com/,42244,0,0
1695133469386,7235,HTTP Request,200,OK,ThreadFoodpanda 1-148,text,true,,61065,119,16,16,https://www.foodpanda.com/,7233,0,0
1695133473545,3285,HTTP Request,200,OK,ThreadFoodpanda 1-147,text,true,,61065,119,16,16,https://www.foodpanda.com/,3280,0,12
1695133469064,7978,HTTP Request,200,OK,ThreadFoodpanda 1-113,text,true,,61065,119,15,15,https://www.foodpanda.com/,7972,0,13
1695133468854,8517,HTTP Request,200,OK,ThreadFoodpanda 1-88,text,true,,61065,119,14,14,https://www.foodpanda.com/,8509,0,0
1695133452576,25293,HTTP Request,200,OK,ThreadFoodpanda 1-59,text,true,,61065,119,13,13,https://www.foodpanda.com/,25288,0,12
1695133463676,14408,HTTP Request,200,OK,ThreadFoodpanda 1-130,text,true,,61065,119,13,13,https://www.foodpanda.com/,14402,0,0
1695133468644,9546,HTTP Request,200,OK,ThreadFoodpanda 1-6,text,true,,61065,119,12,12,https://www.foodpanda.com/,9541,0,11
1695133473344,5039,HTTP Request,200,OK,ThreadFoodpanda 1-118,text,true,,61065,119,11,11,https://www.foodpanda.com/,5034,0,0
1695133447669,30924,HTTP Request,200,OK,ThreadFoodpanda 1-119,text,true,,61065,119,10,10,https://www.foodpanda.com/,30918,0,34
1695133447391,31802,HTTP Request,200,OK,ThreadFoodpanda 1-104,text,true,,61065,119,9,9,https://www.foodpanda.com/,31797,0,13
1695133473972,5711,HTTP Request,200,OK,ThreadFoodpanda 1-32,text,true,,61065,119,8,8,https://www.foodpanda.com/,5706,0,0
1695133451154,28751,HTTP Request,200,OK,ThreadFoodpanda 1-37,text,true,,61065,119,7,7,https://www.foodpanda.com/,28737,0,0
1695133467051,13407,HTTP Request,200,OK,ThreadFoodpanda 1-135,text,true,,61065,119,7,7,https://www.foodpanda.com/,13402,0,0
1695133472468,8516,HTTP Request,200,OK,ThreadFoodpanda 1-133,text,true,,61065,119,6,6,https://www.foodpanda.com/,8511,0,0
1695133452781,28327,HTTP Request,200,OK,ThreadFoodpanda 1-87,text,true,,61065,119,5,5,https://www.foodpanda.com/,28312,0,0
1695133479904,1397,HTTP Request,200,OK,ThreadFoodpanda 1-37,text,true,,61065,119,4,4,https://www.foodpanda.com/,1392,0,15
1695133477868,3714,HTTP Request,200,OK,ThreadFoodpanda 1-59,text,true,,61065,119,4,4,https://www.foodpanda.com/,3706,0,0
1695133469601,12421,HTTP Request,200,OK,ThreadFoodpanda 1-141,text,true,,61065,119,3,3,https://www.foodpanda.com/,12416,0,12
1695133476620,5506,HTTP Request,200,OK,ThreadFoodpanda 1-148,text,true,,61065,119,3,3,https://www.foodpanda.com/,5491,0,0
1695133481302,1007,HTTP Request,200,OK,ThreadFoodpanda 1-37,text,true,,61065,119,2,2,https://www.foodpanda.com/,1002,0,0
1695133482023,699,HTTP Request,200,OK,ThreadFoodpanda 1-141,text,true,,61065,119,1,1,https://www.foodpanda.com/,691,0,0
1695133482722,605,HTTP Request,200,OK,ThreadFoodpanda 1-141,text,true,,61065,119,1,1,https://www.foodpanda.com/,600,0,0
